Case_ID,Customer_ID,Transaction_ID,Date_Raised,Payment_Method,Dispute_Type,Transaction_Amount,Merchant_Category,Transaction_Status,Customer_Claim,Evidence_Available,Risk_Level,Refund_Eligibility,Case_Status,SLA_Target_Days,Actual_Resolution_Days,SLA_Breached,Assigned_Team,Refund_Amount,Root_Cause,Customer_Sentiment
DSP-0001,CUST-2824,TXN-126225,2026-03-12,Card,Failed Payment,47.54,Food Delivery,Success,My payment of £47.54 failed but the money was debited.,Yes,Medium,Manual Review,Resolved,5,2,No,Payment Operations,0,System Mapping Error,Positive
DSP-0002,CUST-8359,TXN-717889,2026-03-13,Wallet,Failed Payment,177.21,Travel,Success,The transaction failed and I still cannot see my money returned.,Yes,Medium,Manual Review,Resolved,5,3,No,Payment Operations,132.91,Bank Reversal Delay,Positive
DSP-0003,CUST-1711,TXN-865179,2026-04-28,Bank Transfer,Chargeback Request,27.24,Transport,Failed,The service was not provided and I want to raise a chargeback.,No,Medium,Manual Review,Resolved,10,4,No,Payment Operations,20.43,Customer Evidence Missing,Neutral
DSP-0004,CUST-2654,TXN-498591,2026-03-13,Bank Transfer,Unauthorised Transaction,18.86,E-commerce,Success,I do not recognise this transaction and did not authorise it.,No,High,Manual Review,Resolved,10,11,Yes,Fraud Review,0,Manual Follow-up Delay,Negative
DSP-0005,CUST-3677,TXN-584714,2026-04-08,Card,Chargeback Request,57.49,Travel,Pending,"The merchant refused refund, so I need a chargeback review.",No,Medium,Manual Review,Resolved,10,11,Yes,Payment Operations,57.49,Merchant Settlement Delay,Negative
DSP-0006,CUST-4483,TXN-787277,2026-05-08,Card,APP Scam Claim,37.28,Retail,Failed,I was tricked into sending money and need urgent help.,Yes,High,Manual Review,Resolved,10,6,No,Fraud Review,18.64,Manual Follow-up Delay,Negative
DSP-0007,CUST-9348,TXN-617488,2026-01-24,Wallet,APP Scam Claim,22.14,E-commerce,Success,I was tricked into sending money and need urgent help.,Yes,High,Manual Review,Resolved,10,8,No,Fraud Review,0,Customer Evidence Missing,Negative
DSP-0008,CUST-9797,TXN-887352,2026-03-10,Wallet,Refund Delay,28.28,Food Delivery,Pending,My refund of £28.28 is still pending after several days.,No,Medium,Manual Review,Open,7,7,No,Refund Team,0,Merchant Settlement Delay,Neutral
DSP-0009,CUST-9317,TXN-738551,2026-02-20,Card,Unauthorised Transaction,52.43,Subscription,Pending,I do not recognise this transaction and did not authorise it.,Yes,High,Manual Review,In Review,10,17,Yes,Fraud Review,0,Customer Evidence Missing,Negative
DSP-0010,CUST-1949,TXN-352572,2026-05-26,Open Banking,Failed Payment,39.57,Transport,Failed,My payment of £39.57 failed but the money was debited.,Yes,Medium,Eligible,Resolved,5,6,Yes,Payment Operations,39.57,System Mapping Error,Negative
DSP-0011,CUST-5342,TXN-653306,2026-04-19,Open Banking,Chargeback Request,134.32,E-commerce,Success,The service was not provided and I want to raise a chargeback.,No,Medium,Manual Review,Resolved,10,4,No,Payment Operations,67.16,Manual Follow-up Delay,Positive
DSP-0012,CUST-4770,TXN-717024,2026-02-26,Card,Wrong Amount Debited,14.58,Subscription,Success,I authorised a lower amount but a higher amount was taken.,Yes,Medium,Manual Review,Resolved,5,10,Yes,Payment Operations,0,System Mapping Error,Negative
DSP-0013,CUST-4981,TXN-922733,2026-05-02,Wallet,Failed Payment,14.4,Bills & Utilities,Success,My payment of £14.40 failed but the money was debited.,No,Medium,Manual Review,Resolved,5,4,No,Payment Operations,10.8,Gateway Timeout,Neutral
DSP-0014,CUST-4139,TXN-299448,2026-05-18,Bank Transfer,Refund Delay,26.3,Food Delivery,Success,The merchant said the refund was processed but I have not received it.,No,Medium,Manual Review,Resolved,7,1,No,Refund Team,0,Manual Follow-up Delay,Neutral
DSP-0015,CUST-4872,TXN-274389,2026-04-15,Bank Transfer,Duplicate Debit,34.7,Bills & Utilities,Success,There are two debits for one order. Please refund the duplicate amount.,Yes,Low,Eligible,Resolved,5,7,Yes,Refund Team,34.7,Duplicate Processing,Negative
DSP-0016,CUST-3536,TXN-299122,2026-03-17,Card,Failed Payment,58.33,Travel,Success,My payment of £58.33 failed but the money was debited.,No,Medium,Manual Review,Awaiting Evidence,5,3,No,Payment Operations,0,System Mapping Error,Neutral
DSP-0017,CUST-9320,TXN-184002,2026-02-17,Card,Failed Payment,97.99,Subscription,Success,My payment of £97.99 failed but the money was debited.,Yes,Medium,Manual Review,Resolved,5,9,Yes,Payment Operations,73.49,System Mapping Error,Negative
DSP-0018,CUST-6147,TXN-350280,2026-03-09,Card,Wrong Amount Debited,26.4,Transport,Pending,The wrong amount was debited from my account. Please investigate.,Yes,Medium,Manual Review,Resolved,5,8,Yes,Payment Operations,19.8,System Mapping Error,Negative
DSP-0019,CUST-6718,TXN-172132,2026-03-04,Card,Failed Payment,208.84,Subscription,Pending,My payment of £208.84 failed but the money was debited.,No,Medium,Manual Review,Resolved,5,14,Yes,Payment Operations,0,System Mapping Error,Negative
DSP-0020,CUST-5333,TXN-221035,2026-01-28,Wallet,Failed Payment,27.03,Travel,Success,My payment of £27.03 failed but the money was debited.,Yes,Medium,Manual Review,Resolved,5,6,Yes,Payment Operations,13.52,Bank Reversal Delay,Negative
DSP-0021,CUST-7939,TXN-969634,2026-03-12,Card,Refund Delay,16.71,E-commerce,Success,The merchant said the refund was processed but I have not received it.,Yes,Medium,Manual Review,Resolved,7,10,Yes,Refund Team,12.53,Bank Reversal Delay,Negative
DSP-0022,CUST-8041,TXN-233636,2026-01-11,Card,APP Scam Claim,84.47,Retail,Failed,I was tricked into sending money and need urgent help.,Yes,High,Manual Review,In Review,10,9,No,Fraud Review,0,Manual Follow-up Delay,Negative
DSP-0023,CUST-4878,TXN-270395,2026-02-15,Open Banking,Failed Payment,67.8,Bills & Utilities,Pending,The transaction failed and I still cannot see my money returned.,No,Medium,Manual Review,Resolved,5,8,Yes,Payment Operations,0,Gateway Timeout,Negative
DSP-0024,CUST-4644,TXN-309267,2026-04-28,Card,Unauthorised Transaction,81.19,E-commerce,Success,This payment was made without my permission.,Yes,High,Manual Review,In Review,10,16,Yes,Fraud Review,0,Fraud Indicator,Negative
DSP-0025,CUST-9346,TXN-519093,2026-05-18,Card,Failed Payment,85.13,Subscription,Pending,The transaction failed and I still cannot see my money returned.,Yes,Medium,Manual Review,In Review,5,3,No,Payment Operations,0,Gateway Timeout,Neutral
DSP-0026,CUST-4114,TXN-367095,2026-01-12,Wallet,Failed Payment,155.17,E-commerce,Pending,The transaction failed and I still cannot see my money returned.,No,Medium,Manual Review,Resolved,5,7,Yes,Payment Operations,155.17,Gateway Timeout,Negative
DSP-0027,CUST-6143,TXN-795612,2026-02-01,Wallet,Duplicate Debit,25.28,Bills & Utilities,Failed,There are two debits for one order. Please refund the duplicate amount.,Yes,Low,Eligible,Resolved,5,4,No,Refund Team,25.28,Duplicate Processing,Neutral
DSP-0028,CUST-7653,TXN-674553,2026-01-01,Card,Duplicate Debit,116.67,Travel,Success,There are two debits for one order. Please refund the duplicate amount.,Yes,Low,Eligible,Resolved,5,7,Yes,Refund Team,116.67,Duplicate Processing,Negative
DSP-0029,CUST-3780,TXN-790855,2026-01-22,Card,Merchant Not Credited,49,Transport,Success,The money left my account but the merchant says they did not receive it.,No,Medium,Manual Review,Awaiting Evidence,7,8,Yes,Merchant Support,0,Merchant Settlement Delay,Negative
DSP-0030,CUST-8461,TXN-534572,2026-05-28,Card,Wrong Amount Debited,40.01,E-commerce,Failed,I authorised a lower amount but a higher amount was taken.,No,Medium,Manual Review,Resolved,5,9,Yes,Payment Operations,40.01,System Mapping Error,Negative
DSP-0031,CUST-1822,TXN-684482,2026-03-05,Open Banking,Failed Payment,14.9,Subscription,Pending,My payment of £14.90 failed but the money was debited.,Yes,Medium,Manual Review,Resolved,5,2,No,Payment Operations,0,Bank Reversal Delay,Positive
DSP-0032,CUST-8777,TXN-571932,2026-03-08,Wallet,Unauthorised Transaction,9.39,Bills & Utilities,Failed,This payment was made without my permission.,Yes,High,Manual Review,Resolved,10,7,No,Fraud Review,7.04,Fraud Indicator,Negative
DSP-0033,CUST-9849,TXN-184491,2026-02-05,Card,Refund Delay,21.24,Bills & Utilities,Success,The merchant said the refund was processed but I have not received it.,Yes,Medium,Manual Review,Resolved,7,11,Yes,Refund Team,0,Merchant Settlement Delay,Negative
DSP-0034,CUST-7232,TXN-600149,2026-01-02,Open Banking,Duplicate Debit,9.2,Transport,Success,I was charged twice for the same payment of £9.20.,No,Medium,Manual Review,Resolved,5,11,Yes,Refund Team,0,Duplicate Processing,Negative
DSP-0035,CUST-8999,TXN-330080,2026-03-11,Bank Transfer,Failed Payment,19.21,Bills & Utilities,Failed,My payment of £19.21 failed but the money was debited.,No,Medium,Manual Review,Awaiting Evidence,5,12,Yes,Payment Operations,0,Gateway Timeout,Negative
DSP-0036,CUST-2375,TXN-773971,2026-04-20,Card,Refund Delay,14.07,Retail,Success,My refund of £14.07 is still pending after several days.,Yes,Medium,Manual Review,Resolved,7,5,No,Refund Team,0,Merchant Settlement Delay,Positive
DSP-0037,CUST-2341,TXN-593152,2026-01-05,Wallet,Failed Payment,94.58,Food Delivery,Pending,The transaction failed and I still cannot see my money returned.,Yes,Medium,Manual Review,Resolved,5,7,Yes,Payment Operations,47.29,Gateway Timeout,Negative
DSP-0038,CUST-2874,TXN-691364,2026-02-25,Bank Transfer,Duplicate Debit,24.9,E-commerce,Failed,I was charged twice for the same payment of £24.90.,No,Medium,Manual Review,Resolved,5,8,Yes,Refund Team,24.9,Duplicate Processing,Negative
DSP-0039,CUST-6111,TXN-703766,2026-04-07,Card,Wrong Amount Debited,49.73,Transport,Success,I authorised a lower amount but a higher amount was taken.,Yes,Medium,Manual Review,Resolved,5,7,Yes,Payment Operations,49.73,System Mapping Error,Negative
DSP-0040,CUST-2129,TXN-630538,2026-03-29,Card,Refund Delay,39.44,Travel,Failed,My refund of £39.44 is still pending after several days.,No,Medium,Manual Review,Resolved,7,5,No,Refund Team,39.44,Manual Follow-up Delay,Positive
DSP-0041,CUST-8616,TXN-556732,2026-03-10,Card,Duplicate Debit,97.41,Bills & Utilities,Success,I was charged twice for the same payment of £97.41.,Yes,Low,Eligible,Resolved,5,1,No,Refund Team,97.41,Duplicate Processing,Positive
DSP-0042,CUST-8988,TXN-322423,2026-04-01,Wallet,Refund Delay,258.77,Travel,Failed,The merchant said the refund was processed but I have not received it.,Yes,Medium,Manual Review,Resolved,7,4,No,Refund Team,0,Bank Reversal Delay,Positive
DSP-0043,CUST-8800,TXN-777278,2026-05-06,Bank Transfer,Failed Payment,24.44,Retail,Success,The transaction failed and I still cannot see my money returned.,No,Medium,Manual Review,Awaiting Evidence,5,3,No,Payment Operations,0,Bank Reversal Delay,Positive
DSP-0044,CUST-8434,TXN-384076,2026-03-20,Card,Failed Payment,24.31,Subscription,Pending,My payment of £24.31 failed but the money was debited.,Yes,Medium,Manual Review,Resolved,5,5,No,Payment Operations,24.31,Gateway Timeout,Positive
DSP-0045,CUST-4180,TXN-410636,2026-02-28,Card,Duplicate Debit,57.24,Food Delivery,Pending,I was charged twice for the same payment of £57.24.,Yes,Low,Eligible,In Review,5,2,No,Refund Team,0,Duplicate Processing,Neutral
DSP-0046,CUST-5658,TXN-592198,2026-05-03,Bank Transfer,Failed Payment,33.7,Bills & Utilities,Failed,The transaction failed and I still cannot see my money returned.,Yes,Medium,Eligible,Resolved,5,4,No,Payment Operations,33.7,System Mapping Error,Neutral
DSP-0047,CUST-2395,TXN-360247,2026-01-31,Bank Transfer,Refund Delay,58.4,Transport,Failed,The merchant said the refund was processed but I have not received it.,Yes,Medium,Manual Review,Resolved,7,4,No,Refund Team,0,Merchant Settlement Delay,Neutral
DSP-0048,CUST-4404,TXN-755900,2026-02-24,Card,Failed Payment,17.34,Retail,Success,The transaction failed and I still cannot see my money returned.,Yes,Medium,Manual Review,Resolved,5,9,Yes,Payment Operations,13,System Mapping Error,Negative
DSP-0049,CUST-8438,TXN-174637,2026-03-01,Open Banking,Unauthorised Transaction,69.28,Retail,Success,This payment was made without my permission.,Yes,High,Manual Review,Resolved,10,12,Yes,Fraud Review,51.96,Manual Follow-up Delay,Negative
DSP-0050,CUST-8195,TXN-230394,2026-04-30,Wallet,Wrong Amount Debited,147.27,Bills & Utilities,Success,The wrong amount was debited from my account. Please investigate.,Yes,Medium,Manual Review,Resolved,5,7,Yes,Payment Operations,0,Customer Input Error,Negative
DSP-0051,CUST-2496,TXN-340044,2026-05-28,Bank Transfer,Failed Payment,351.4,Subscription,Success,The transaction failed and I still cannot see my money returned.,No,Medium,Manual Review,Resolved,5,5,No,Payment Operations,0,Bank Reversal Delay,Positive
DSP-0052,CUST-2494,TXN-592841,2026-03-31,Card,Duplicate Debit,20.35,Bills & Utilities,Failed,There are two debits for one order. Please refund the duplicate amount.,No,Low,Eligible,Awaiting Evidence,5,2,No,Refund Team,0,Duplicate Processing,Neutral
DSP-0053,CUST-2442,TXN-429795,2026-03-06,Card,Chargeback Request,30.33,Food Delivery,Failed,The service was not provided and I want to raise a chargeback.,Yes,Medium,Manual Review,Resolved,10,9,No,Payment Operations,22.75,Customer Evidence Missing,Negative
DSP-0054,CUST-4335,TXN-380028,2026-05-21,Card,Duplicate Debit,118.84,Food Delivery,Pending,There are two debits for one order. Please refund the duplicate amount.,Yes,Low,Eligible,Resolved,5,4,No,Refund Team,118.84,Duplicate Processing,Neutral
DSP-0055,CUST-1224,TXN-679077,2026-04-15,Card,Chargeback Request,123.72,Food Delivery,Failed,"The merchant refused refund, so I need a chargeback review.",Yes,Medium,Manual Review,Resolved,10,4,No,Payment Operations,92.79,Manual Follow-up Delay,Neutral
DSP-0056,CUST-3369,TXN-502219,2026-02-18,Open Banking,Refund Delay,8.55,Bills & Utilities,Success,My refund of £8.55 is still pending after several days.,No,Medium,Manual Review,In Review,7,13,Yes,Refund Team,0,Merchant Settlement Delay,Negative
DSP-0057,CUST-9022,TXN-255813,2026-04-25,Bank Transfer,Refund Delay,47.74,Bills & Utilities,Pending,The merchant said the refund was processed but I have not received it.,No,Medium,Manual Review,In Review,7,9,Yes,Refund Team,0,Manual Follow-up Delay,Negative
DSP-0058,CUST-6213,TXN-880879,2026-05-02,Wallet,Unauthorised Transaction,24.68,Transport,Failed,This payment was made without my permission.,Yes,High,Manual Review,Resolved,10,13,Yes,Fraud Review,12.34,Fraud Indicator,Negative
DSP-0059,CUST-2633,TXN-651499,2026-04-27,Card,Failed Payment,16.29,Bills & Utilities,Failed,The transaction failed and I still cannot see my money returned.,No,Medium,Manual Review,Resolved,5,10,Yes,Payment Operations,0,System Mapping Error,Negative
DSP-0060,CUST-9864,TXN-137642,2026-01-18,Card,Wrong Amount Debited,27.08,Food Delivery,Success,The wrong amount was debited from my account. Please investigate.,Yes,Medium,Manual Review,Resolved,5,3,No,Payment Operations,0,System Mapping Error,Neutral
DSP-0061,CUST-6314,TXN-934816,2026-01-15,Card,Refund Delay,13.43,Subscription,Failed,The merchant said the refund was processed but I have not received it.,Yes,Medium,Manual Review,Resolved,7,11,Yes,Refund Team,13.43,Bank Reversal Delay,Negative
DSP-0062,CUST-4804,TXN-583550,2026-03-07,Bank Transfer,Merchant Not Credited,120.03,Travel,Failed,I paid successfully but the merchant has no confirmation.,No,Medium,Manual Review,Awaiting Evidence,7,10,Yes,Merchant Support,0,Incorrect Merchant Reference,Negative
DSP-0063,CUST-7951,TXN-823846,2026-03-06,Bank Transfer,Duplicate Debit,16,Travel,Failed,I was charged twice for the same payment of £16.00.,No,Medium,Manual Review,Resolved,5,6,Yes,Refund Team,16,Duplicate Processing,Negative
DSP-0064,CUST-9138,TXN-973294,2026-03-15,Wallet,Duplicate Debit,71.08,Retail,Failed,I was charged twice for the same payment of £71.08.,Yes,Low,Eligible,Resolved,5,10,Yes,Refund Team,71.08,Duplicate Processing,Negative
DSP-0065,CUST-2591,TXN-757937,2026-01-11,Card,Refund Delay,62.4,Food Delivery,Pending,The merchant said the refund was processed but I have not received it.,Yes,Medium,Manual Review,Resolved,7,6,No,Refund Team,0,Merchant Settlement Delay,Positive
DSP-0066,CUST-5210,TXN-964749,2026-05-04,Open Banking,Duplicate Debit,38.48,Transport,Pending,There are two debits for one order. Please refund the duplicate amount.,No,Medium,Manual Review,Resolved,5,10,Yes,Refund Team,0,Duplicate Processing,Negative
DSP-0067,CUST-2479,TXN-929090,2026-04-12,Card,Merchant Not Credited,33.07,E-commerce,Success,I paid successfully but the merchant has no confirmation.,Yes,Medium,Manual Review,Resolved,7,9,Yes,Merchant Support,33.07,Gateway Timeout,Negative
DSP-0068,CUST-4626,TXN-779112,2026-01-17,Bank Transfer,Refund Delay,93.31,Food Delivery,Success,The merchant said the refund was processed but I have not received it.,No,Medium,Manual Review,Open,7,8,Yes,Refund Team,0,Merchant Settlement Delay,Negative
DSP-0069,CUST-4846,TXN-663658,2026-02-04,Card,Refund Delay,46.62,E-commerce,Success,The merchant said the refund was processed but I have not received it.,Yes,Medium,Manual Review,In Review,7,8,Yes,Refund Team,0,Bank Reversal Delay,Negative
DSP-0070,CUST-7070,TXN-327823,2026-04-24,Bank Transfer,Duplicate Debit,5.65,E-commerce,Success,There are two debits for one order. Please refund the duplicate amount.,Yes,Low,Eligible,Resolved,5,1,No,Refund Team,5.65,Duplicate Processing,Neutral
DSP-0071,CUST-2501,TXN-794963,2026-02-24,Wallet,Merchant Not Credited,26.37,Subscription,Success,The money left my account but the merchant says they did not receive it.,No,Medium,Manual Review,In Review,7,11,Yes,Merchant Support,0,Gateway Timeout,Negative
DSP-0072,CUST-1046,TXN-390743,2026-02-07,Open Banking,Merchant Not Credited,65.96,Transport,Success,The money left my account but the merchant says they did not receive it.,Yes,Medium,Manual Review,Resolved,7,10,Yes,Merchant Support,49.47,Merchant Settlement Delay,Negative
DSP-0073,CUST-3076,TXN-877747,2026-04-18,Bank Transfer,Wrong Amount Debited,34.6,Subscription,Failed,I authorised a lower amount but a higher amount was taken.,No,Medium,Manual Review,Awaiting Evidence,5,6,Yes,Payment Operations,0,System Mapping Error,Negative
DSP-0074,CUST-8504,TXN-774591,2026-01-08,Card,Refund Delay,25.61,Bills & Utilities,Failed,My refund of £25.61 is still pending after several days.,Yes,Medium,Manual Review,Resolved,7,5,No,Refund Team,12.8,Bank Reversal Delay,Positive
DSP-0075,CUST-7240,TXN-726410,2026-05-16,Card,Refund Delay,24.73,Food Delivery,Pending,My refund of £24.73 is still pending after several days.,Yes,Medium,Manual Review,Resolved,7,5,No,Refund Team,18.55,Manual Follow-up Delay,Positive
DSP-0076,CUST-7815,TXN-865054,2026-01-25,Card,Duplicate Debit,67.91,Food Delivery,Pending,I was charged twice for the same payment of £67.91.,Yes,Low,Eligible,Resolved,5,1,No,Refund Team,67.91,Duplicate Processing,Positive
DSP-0077,CUST-1982,TXN-714953,2026-05-24,Bank Transfer,Wrong Amount Debited,14.45,Transport,Success,The wrong amount was debited from my account. Please investigate.,No,Medium,Manual Review,Resolved,5,12,Yes,Payment Operations,0,System Mapping Error,Negative
DSP-0078,CUST-3535,TXN-788637,2026-05-04,Card,Failed Payment,89.69,Transport,Success,The transaction failed and I still cannot see my money returned.,No,Medium,Manual Review,Awaiting Evidence,5,5,No,Payment Operations,0,Bank Reversal Delay,Neutral
DSP-0079,CUST-1474,TXN-289179,2026-03-11,Wallet,Duplicate Debit,140.28,Bills & Utilities,Success,There are two debits for one order. Please refund the duplicate amount.,No,Medium,Manual Review,Resolved,5,10,Yes,Refund Team,105.21,Duplicate Processing,Negative
DSP-0080,CUST-3578,TXN-488028,2026-03-21,Wallet,Unauthorised Transaction,45.05,Food Delivery,Success,This payment was made without my permission.,No,High,Manual Review,Resolved,10,13,Yes,Fraud Review,45.05,Fraud Indicator,Negative
DSP-0081,CUST-8957,TXN-736565,2026-04-24,Card,Duplicate Debit,41.57,Food Delivery,Success,I was charged twice for the same payment of £41.57.,Yes,Low,Eligible,Resolved,5,1,No,Refund Team,41.57,Duplicate Processing,Positive
DSP-0082,CUST-1125,TXN-314353,2026-03-19,Open Banking,Unauthorised Transaction,69.55,Food Delivery,Success,This payment was made without my permission.,No,High,Manual Review,Resolved,10,14,Yes,Fraud Review,34.77,Fraud Indicator,Negative
DSP-0083,CUST-2180,TXN-516359,2026-01-11,Bank Transfer,Refund Delay,16.51,Bills & Utilities,Failed,My refund of £16.51 is still pending after several days.,Yes,Medium,Manual Review,Open,7,5,No,Refund Team,0,Merchant Settlement Delay,Positive
DSP-0084,CUST-2443,TXN-557925,2026-01-28,Card,Merchant Not Credited,42.86,Travel,Failed,The money left my account but the merchant says they did not receive it.,Yes,Medium,Manual Review,Resolved,7,10,Yes,Merchant Support,0,Merchant Settlement Delay,Negative
DSP-0085,CUST-6724,TXN-468154,2026-02-07,Card,Failed Payment,13.33,Transport,Failed,The transaction failed and I still cannot see my money returned.,Yes,Medium,Eligible,Resolved,5,1,No,Payment Operations,13.33,System Mapping Error,Positive
DSP-0086,CUST-6179,TXN-258290,2026-04-23,Card,Refund Delay,27.21,Food Delivery,Success,The merchant said the refund was processed but I have not received it.,Yes,Medium,Manual Review,Resolved,7,6,No,Refund Team,20.41,Merchant Settlement Delay,Neutral
DSP-0087,CUST-9307,TXN-503159,2026-04-29,Bank Transfer,Chargeback Request,162.8,Retail,Success,The service was not provided and I want to raise a chargeback.,Yes,Medium,Manual Review,In Review,10,9,No,Payment Operations,0,Merchant Settlement Delay,Negative
DSP-0088,CUST-9266,TXN-777513,2026-02-14,Card,Wrong Amount Debited,52.02,Travel,Success,I authorised a lower amount but a higher amount was taken.,No,Medium,Manual Review,Awaiting Evidence,5,8,Yes,Payment Operations,0,System Mapping Error,Negative
DSP-0089,CUST-2079,TXN-445705,2026-01-25,Bank Transfer,Refund Delay,18.09,E-commerce,Success,My refund of £18.09 is still pending after several days.,Yes,Medium,Manual Review,Open,7,4,No,Refund Team,0,Bank Reversal Delay,Neutral
DSP-0090,CUST-9331,TXN-479404,2026-01-05,Card,Failed Payment,39.41,Retail,Success,My payment of £39.41 failed but the money was debited.,Yes,Medium,Manual Review,Resolved,5,8,Yes,Payment Operations,39.41,Gateway Timeout,Negative
DSP-0091,CUST-6517,TXN-903531,2026-02-03,Bank Transfer,Failed Payment,8.89,Subscription,Pending,The transaction failed and I still cannot see my money returned.,Yes,Medium,Manual Review,Resolved,5,8,Yes,Payment Operations,0,Bank Reversal Delay,Negative
DSP-0092,CUST-8355,TXN-345369,2026-05-17,Card,Chargeback Request,10.1,Subscription,Pending,The service was not provided and I want to raise a chargeback.,Yes,Medium,Manual Review,Resolved,10,6,No,Payment Operations,7.57,Customer Evidence Missing,Neutral
DSP-0093,CUST-3267,TXN-362147,2026-01-14,Wallet,APP Scam Claim,44.2,Transport,Failed,I believe I have been scammed through a bank transfer.,Yes,High,Manual Review,Open,10,11,Yes,Fraud Review,0,Fraud Indicator,Negative
DSP-0094,CUST-2502,TXN-332823,2026-04-26,Open Banking,Chargeback Request,32.93,Travel,Success,The service was not provided and I want to raise a chargeback.,No,Medium,Manual Review,Resolved,10,6,No,Payment Operations,16.46,Customer Evidence Missing,Positive
DSP-0095,CUST-3254,TXN-140163,2026-03-15,Open Banking,Refund Delay,299.5,Bills & Utilities,Success,My refund of £299.50 is still pending after several days.,Yes,Medium,Manual Review,Resolved,7,8,Yes,Refund Team,0,Bank Reversal Delay,Negative
DSP-0096,CUST-2821,TXN-913875,2026-03-15,Card,Failed Payment,14.06,Subscription,Success,My payment of £14.06 failed but the money was debited.,Yes,Medium,Manual Review,Resolved,5,6,Yes,Payment Operations,14.06,Bank Reversal Delay,Negative
DSP-0097,CUST-3352,TXN-405420,2026-04-20,Card,Refund Delay,45.91,E-commerce,Success,The merchant said the refund was processed but I have not received it.,No,Medium,Manual Review,Awaiting Evidence,7,12,Yes,Refund Team,0,Bank Reversal Delay,Negative
DSP-0098,CUST-7397,TXN-592972,2026-01-12,Bank Transfer,Chargeback Request,76.87,E-commerce,Failed,"The merchant refused refund, so I need a chargeback review.",Yes,Medium,Manual Review,Resolved,10,4,No,Payment Operations,38.44,Manual Follow-up Delay,Positive
DSP-0099,CUST-3868,TXN-970720,2026-04-29,Open Banking,Refund Delay,23.68,E-commerce,Failed,My refund of £23.68 is still pending after several days.,Yes,Medium,Manual Review,In Review,7,7,No,Refund Team,0,Merchant Settlement Delay,Positive
DSP-0100,CUST-9897,TXN-596395,2026-03-06,Card,Merchant Not Credited,5,Food Delivery,Pending,I paid successfully but the merchant has no confirmation.,Yes,Medium,Manual Review,In Review,7,13,Yes,Merchant Support,0,Merchant Settlement Delay,Negative
DSP-0101,CUST-8204,TXN-505426,2026-03-28,Open Banking,Refund Delay,38.56,Subscription,Success,My refund of £38.56 is still pending after several days.,No,Medium,Manual Review,Awaiting Evidence,7,9,Yes,Refund Team,0,Merchant Settlement Delay,Negative
DSP-0102,CUST-6262,TXN-207581,2026-01-21,Card,Duplicate Debit,30.59,Retail,Failed,There are two debits for one order. Please refund the duplicate amount.,Yes,Low,Eligible,Resolved,5,4,No,Refund Team,30.59,Duplicate Processing,Positive
DSP-0103,CUST-5498,TXN-770532,2026-01-15,Card,Merchant Not Credited,14.85,E-commerce,Success,I paid successfully but the merchant has no confirmation.,Yes,Medium,Manual Review,Resolved,7,6,No,Merchant Support,14.85,Gateway Timeout,Positive
DSP-0104,CUST-7272,TXN-694799,2026-01-09,Bank Transfer,Wrong Amount Debited,114.68,Transport,Success,The wrong amount was debited from my account. Please investigate.,Yes,Medium,Manual Review,Resolved,5,3,No,Payment Operations,0,Customer Input Error,Neutral
DSP-0105,CUST-1424,TXN-871411,2026-02-17,Bank Transfer,Refund Delay,45.69,Travel,Failed,The merchant said the refund was processed but I have not received it.,Yes,Medium,Manual Review,Resolved,7,4,No,Refund Team,22.84,Manual Follow-up Delay,Positive
DSP-0106,CUST-8292,TXN-192055,2026-03-23,Wallet,Wrong Amount Debited,44.82,Travel,Pending,The wrong amount was debited from my account. Please investigate.,No,Medium,Manual Review,Awaiting Evidence,5,12,Yes,Payment Operations,0,System Mapping Error,Negative
DSP-0107,CUST-2988,TXN-310743,2026-02-05,Card,Refund Delay,25.17,Bills & Utilities,Pending,My refund of £25.17 is still pending after several days.,Yes,Medium,Manual Review,Resolved,7,6,No,Refund Team,0,Manual Follow-up Delay,Positive
DSP-0108,CUST-7708,TXN-963333,2026-05-28,Card,Chargeback Request,58.99,E-commerce,Failed,The service was not provided and I want to raise a chargeback.,Yes,Medium,Manual Review,Resolved,10,5,No,Payment Operations,29.5,Manual Follow-up Delay,Positive
DSP-0109,CUST-3034,TXN-643269,2026-02-09,Card,Failed Payment,91.7,Subscription,Pending,My payment of £91.70 failed but the money was debited.,No,Medium,Manual Review,Resolved,5,11,Yes,Payment Operations,0,Bank Reversal Delay,Negative
DSP-0110,CUST-9234,TXN-772124,2026-02-13,Bank Transfer,Merchant Not Credited,11.28,Subscription,Success,The money left my account but the merchant says they did not receive it.,No,Medium,Manual Review,Open,7,18,Yes,Merchant Support,0,Merchant Settlement Delay,Negative
DSP-0111,CUST-1744,TXN-772612,2026-05-28,Card,Duplicate Debit,53.27,Food Delivery,Failed,There are two debits for one order. Please refund the duplicate amount.,Yes,Low,Eligible,Resolved,5,1,No,Refund Team,53.27,Duplicate Processing,Positive
DSP-0112,CUST-8430,TXN-176517,2026-01-16,Card,Refund Delay,37.39,Retail,Success,My refund of £37.39 is still pending after several days.,Yes,Medium,Manual Review,In Review,7,13,Yes,Refund Team,0,Manual Follow-up Delay,Negative
DSP-0113,CUST-3142,TXN-897615,2026-04-05,Bank Transfer,Failed Payment,26.33,Bills & Utilities,Success,My payment of £26.33 failed but the money was debited.,Yes,Medium,Manual Review,Resolved,5,11,Yes,Payment Operations,0,Bank Reversal Delay,Negative
DSP-0114,CUST-6364,TXN-705748,2026-03-22,Card,Failed Payment,121.48,Food Delivery,Pending,The transaction failed and I still cannot see my money returned.,Yes,Medium,Manual Review,Resolved,5,3,No,Payment Operations,60.74,Gateway Timeout,Positive
DSP-0115,CUST-8710,TXN-399628,2026-05-18,Card,Failed Payment,19.58,Travel,Failed,The transaction failed and I still cannot see my money returned.,Yes,Medium,Eligible,Resolved,5,9,Yes,Payment Operations,19.58,Bank Reversal Delay,Negative
DSP-0116,CUST-2204,TXN-505116,2026-05-10,Bank Transfer,Merchant Not Credited,142.46,Subscription,Success,I paid successfully but the merchant has no confirmation.,No,Medium,Manual Review,Resolved,7,12,Yes,Merchant Support,0,Incorrect Merchant Reference,Negative
DSP-0117,CUST-3363,TXN-308727,2026-05-11,Card,Failed Payment,101.71,Retail,Failed,The transaction failed and I still cannot see my money returned.,Yes,Medium,Eligible,Resolved,5,8,Yes,Payment Operations,101.71,Bank Reversal Delay,Negative
DSP-0118,CUST-6511,TXN-631958,2026-05-11,Bank Transfer,Wrong Amount Debited,8.29,Travel,Success,I authorised a lower amount but a higher amount was taken.,Yes,Medium,Manual Review,Resolved,5,4,No,Payment Operations,0,Customer Input Error,Neutral
DSP-0119,CUST-5350,TXN-787436,2026-05-29,Bank Transfer,Wrong Amount Debited,46.84,E-commerce,Failed,The wrong amount was debited from my account. Please investigate.,No,Medium,Manual Review,Resolved,5,11,Yes,Payment Operations,0,Customer Input Error,Negative
DSP-0120,CUST-4125,TXN-119857,2026-04-23,Card,Failed Payment,64.79,Transport,Failed,My payment of £64.79 failed but the money was debited.,Yes,Medium,Eligible,Resolved,5,9,Yes,Payment Operations,64.79,System Mapping Error,Negative
DSP-0121,CUST-9498,TXN-317413,2026-05-24,Card,Merchant Not Credited,42.7,Retail,Success,I paid successfully but the merchant has no confirmation.,Yes,Medium,Manual Review,Resolved,7,4,No,Merchant Support,0,Gateway Timeout,Positive
DSP-0122,CUST-4150,TXN-358494,2026-03-13,Bank Transfer,Duplicate Debit,107.96,Travel,Failed,There are two debits for one order. Please refund the duplicate amount.,Yes,Low,Eligible,Resolved,5,7,Yes,Refund Team,107.96,Duplicate Processing,Negative
DSP-0123,CUST-6714,TXN-687713,2026-03-12,Card,Merchant Not Credited,74.01,Bills & Utilities,Pending,I paid successfully but the merchant has no confirmation.,No,Medium,Manual Review,Resolved,7,10,Yes,Merchant Support,55.51,Merchant Settlement Delay,Negative
DSP-0124,CUST-8849,TXN-324381,2026-02-21,Wallet,Duplicate Debit,45.79,Food Delivery,Failed,I was charged twice for the same payment of £45.79.,Yes,Low,Eligible,Resolved,5,5,No,Refund Team,45.79,Duplicate Processing,Neutral
DSP-0125,CUST-1860,TXN-205065,2026-04-16,Card,Refund Delay,54.94,Subscription,Pending,My refund of £54.94 is still pending after several days.,Yes,Medium,Manual Review,Resolved,7,11,Yes,Refund Team,41.2,Manual Follow-up Delay,Negative
DSP-0126,CUST-5676,TXN-777273,2026-01-16,Open Banking,Failed Payment,51.04,E-commerce,Pending,The transaction failed and I still cannot see my money returned.,Yes,Medium,Manual Review,Resolved,5,3,No,Payment Operations,0,Gateway Timeout,Neutral
DSP-0127,CUST-9116,TXN-295361,2026-03-16,Open Banking,Failed Payment,45.2,Travel,Success,My payment of £45.20 failed but the money was debited.,No,Medium,Manual Review,Resolved,5,2,No,Payment Operations,33.9,System Mapping Error,Neutral
DSP-0128,CUST-6417,TXN-270387,2026-04-28,Wallet,Wrong Amount Debited,13.89,Travel,Failed,I authorised a lower amount but a higher amount was taken.,No,Medium,Manual Review,Resolved,5,8,Yes,Payment Operations,0,System Mapping Error,Negative
DSP-0129,CUST-8007,TXN-640310,2026-03-25,Card,Merchant Not Credited,23.69,Travel,Pending,The money left my account but the merchant says they did not receive it.,Yes,Medium,Manual Review,In Review,7,8,Yes,Merchant Support,0,Incorrect Merchant Reference,Negative
DSP-0130,CUST-5285,TXN-785436,2026-04-03,Wallet,Failed Payment,18.12,Bills & Utilities,Failed,The transaction failed and I still cannot see my money returned.,No,Medium,Manual Review,Resolved,5,14,Yes,Payment Operations,0,System Mapping Error,Negative
DSP-0131,CUST-7021,TXN-744481,2026-02-26,Card,Failed Payment,52.67,Subscription,Pending,My payment of £52.67 failed but the money was debited.,No,Medium,Manual Review,Resolved,5,11,Yes,Payment Operations,0,System Mapping Error,Negative
DSP-0132,CUST-9609,TXN-568449,2026-05-16,Wallet,Failed Payment,44.69,Subscription,Pending,My payment of £44.69 failed but the money was debited.,Yes,Medium,Manual Review,Resolved,5,1,No,Payment Operations,44.69,System Mapping Error,Positive
DSP-0133,CUST-4365,TXN-851742,2026-05-30,Bank Transfer,APP Scam Claim,37.18,Retail,Failed,I was tricked into sending money and need urgent help.,Yes,High,Manual Review,Resolved,10,6,No,Fraud Review,27.88,Fraud Indicator,Negative
DSP-0134,CUST-4570,TXN-706403,2026-01-19,Card,Refund Delay,22.76,Transport,Failed,My refund of £22.76 is still pending after several days.,No,Medium,Manual Review,Resolved,7,7,No,Refund Team,0,Merchant Settlement Delay,Positive
DSP-0135,CUST-7154,TXN-184148,2026-05-19,Card,APP Scam Claim,33.83,Retail,Pending,I was tricked into sending money and need urgent help.,No,High,Manual Review,Resolved,10,9,No,Fraud Review,16.91,Customer Evidence Missing,Negative
DSP-0136,CUST-8546,TXN-462974,2026-02-09,Card,Chargeback Request,58.55,Transport,Failed,"The merchant refused refund, so I need a chargeback review.",Yes,Medium,Manual Review,Resolved,10,7,No,Payment Operations,58.55,Merchant Settlement Delay,Neutral
DSP-0137,CUST-1797,TXN-356622,2026-01-12,Card,Duplicate Debit,10.98,Travel,Success,There are two debits for one order. Please refund the duplicate amount.,No,Medium,Manual Review,Resolved,5,5,No,Refund Team,0,Duplicate Processing,Neutral
DSP-0138,CUST-3347,TXN-792282,2026-05-14,Card,Duplicate Debit,55.74,Bills & Utilities,Success,There are two debits for one order. Please refund the duplicate amount.,Yes,Low,Eligible,Resolved,5,1,No,Refund Team,55.74,Duplicate Processing,Positive
DSP-0139,CUST-7821,TXN-528090,2026-02-08,Card,Failed Payment,43.5,Retail,Success,My payment of £43.50 failed but the money was debited.,No,Medium,Manual Review,Awaiting Evidence,5,9,Yes,Payment Operations,0,Bank Reversal Delay,Negative
DSP-0140,CUST-7363,TXN-354655,2026-03-07,Card,Merchant Not Credited,21.82,E-commerce,Failed,I paid successfully but the merchant has no confirmation.,Yes,Medium,Manual Review,Resolved,7,6,No,Merchant Support,0,Merchant Settlement Delay,Neutral
DSP-0141,CUST-4422,TXN-449138,2026-03-19,Open Banking,Failed Payment,38.84,Subscription,Failed,The transaction failed and I still cannot see my money returned.,Yes,Medium,Eligible,Resolved,5,1,No,Payment Operations,38.84,Gateway Timeout,Positive
DSP-0142,CUST-5285,TXN-477114,2026-05-12,Open Banking,Refund Delay,198.49,Transport,Pending,The merchant said the refund was processed but I have not received it.,No,Medium,Manual Review,Resolved,7,7,No,Refund Team,99.25,Merchant Settlement Delay,Neutral
DSP-0143,CUST-5272,TXN-680189,2026-05-30,Bank Transfer,Refund Delay,18.99,Bills & Utilities,Failed,My refund of £18.99 is still pending after several days.,Yes,Medium,Manual Review,Resolved,7,3,No,Refund Team,0,Manual Follow-up Delay,Positive
DSP-0144,CUST-3756,TXN-868367,2026-04-01,Card,Wrong Amount Debited,32.95,Subscription,Pending,The wrong amount was debited from my account. Please investigate.,No,Medium,Manual Review,Open,5,5,No,Payment Operations,0,System Mapping Error,Neutral
DSP-0145,CUST-7756,TXN-244170,2026-03-01,Card,Failed Payment,19.03,Food Delivery,Failed,The transaction failed and I still cannot see my money returned.,Yes,Medium,Eligible,Resolved,5,9,Yes,Payment Operations,19.03,System Mapping Error,Negative
DSP-0146,CUST-1194,TXN-117538,2026-05-16,Wallet,Merchant Not Credited,21.65,E-commerce,Failed,The money left my account but the merchant says they did not receive it.,No,Medium,Manual Review,Resolved,7,8,Yes,Merchant Support,10.82,Merchant Settlement Delay,Negative
DSP-0147,CUST-4144,TXN-749887,2026-05-15,Card,Refund Delay,64.52,Bills & Utilities,Success,The merchant said the refund was processed but I have not received it.,No,Medium,Manual Review,Awaiting Evidence,7,6,No,Refund Team,0,Manual Follow-up Delay,Neutral
DSP-0148,CUST-7640,TXN-497687,2026-04-07,Bank Transfer,Failed Payment,40.43,Transport,Success,My payment of £40.43 failed but the money was debited.,No,Medium,Manual Review,Open,5,13,Yes,Payment Operations,0,Gateway Timeout,Negative
DSP-0149,CUST-4463,TXN-825916,2026-05-26,Bank Transfer,Failed Payment,153.55,Food Delivery,Success,The transaction failed and I still cannot see my money returned.,No,Medium,Manual Review,Resolved,5,12,Yes,Payment Operations,0,Gateway Timeout,Negative
DSP-0150,CUST-2260,TXN-413814,2026-02-11,Bank Transfer,Merchant Not Credited,195.93,Subscription,Success,The money left my account but the merchant says they did not receive it.,No,Medium,Manual Review,Awaiting Evidence,7,10,Yes,Merchant Support,0,Merchant Settlement Delay,Negative
DSP-0151,CUST-9204,TXN-881667,2026-03-30,Card,Refund Delay,85.54,Transport,Failed,The merchant said the refund was processed but I have not received it.,Yes,Medium,Manual Review,In Review,7,8,Yes,Refund Team,0,Merchant Settlement Delay,Negative
DSP-0152,CUST-6829,TXN-679902,2026-04-07,Bank Transfer,Wrong Amount Debited,52.26,Subscription,Success,The wrong amount was debited from my account. Please investigate.,Yes,Medium,Manual Review,Resolved,5,6,Yes,Payment Operations,52.26,System Mapping Error,Negative
DSP-0153,CUST-7383,TXN-432061,2026-04-03,Card,Failed Payment,26.13,Travel,Success,The transaction failed and I still cannot see my money returned.,Yes,Medium,Manual Review,Resolved,5,2,No,Payment Operations,19.6,Bank Reversal Delay,Neutral
DSP-0154,CUST-7311,TXN-112940,2026-03-16,Card,Unauthorised Transaction,85.15,Retail,Failed,This payment was made without my permission.,Yes,High,Manual Review,Resolved,10,12,Yes,Fraud Review,63.86,Customer Evidence Missing,Negative
DSP-0155,CUST-3390,TXN-166340,2026-02-12,Bank Transfer,Refund Delay,39.45,Travel,Pending,My refund of £39.45 is still pending after several days.,No,Medium,Manual Review,Resolved,7,7,No,Refund Team,29.59,Merchant Settlement Delay,Positive
DSP-0156,CUST-6399,TXN-561607,2026-03-27,Bank Transfer,Unauthorised Transaction,69.62,Travel,Success,This payment was made without my permission.,No,High,Manual Review,Resolved,10,12,Yes,Fraud Review,52.22,Fraud Indicator,Negative
DSP-0157,CUST-5775,TXN-870571,2026-05-06,Open Banking,Unauthorised Transaction,28.42,Transport,Success,I do not recognise this transaction and did not authorise it.,Yes,High,Manual Review,Resolved,10,14,Yes,Fraud Review,28.42,Manual Follow-up Delay,Negative
DSP-0158,CUST-8183,TXN-936433,2026-03-16,Wallet,Failed Payment,54.22,Travel,Success,The transaction failed and I still cannot see my money returned.,Yes,Medium,Manual Review,Resolved,5,15,Yes,Payment Operations,40.66,System Mapping Error,Negative
DSP-0159,CUST-7566,TXN-660324,2026-05-10,Open Banking,APP Scam Claim,35.74,Travel,Failed,I believe I have been scammed through a bank transfer.,No,High,Manual Review,Resolved,10,13,Yes,Fraud Review,17.87,Manual Follow-up Delay,Negative
DSP-0160,CUST-6432,TXN-934908,2026-04-21,Card,Failed Payment,8.16,Subscription,Failed,My payment of £8.16 failed but the money was debited.,Yes,Medium,Eligible,Resolved,5,5,No,Payment Operations,8.16,Bank Reversal Delay,Positive
DSP-0161,CUST-6651,TXN-125755,2026-05-04,Card,Refund Delay,24.44,Retail,Failed,The merchant said the refund was processed but I have not received it.,Yes,Medium,Manual Review,Resolved,7,1,No,Refund Team,24.44,Bank Reversal Delay,Neutral
DSP-0162,CUST-6620,TXN-779445,2026-01-28,Wallet,Failed Payment,22.98,Subscription,Success,The transaction failed and I still cannot see my money returned.,Yes,Medium,Manual Review,Resolved,5,7,Yes,Payment Operations,22.98,Bank Reversal Delay,Negative
DSP-0163,CUST-7481,TXN-130610,2026-02-20,Bank Transfer,Refund Delay,13.58,Transport,Success,My refund of £13.58 is still pending after several days.,Yes,Medium,Manual Review,Resolved,7,7,No,Refund Team,10.19,Manual Follow-up Delay,Positive
DSP-0164,CUST-7431,TXN-715519,2026-01-30,Card,Unauthorised Transaction,101.37,E-commerce,Pending,I do not recognise this transaction and did not authorise it.,No,High,Manual Review,Resolved,10,16,Yes,Fraud Review,50.69,Manual Follow-up Delay,Negative
DSP-0165,CUST-6003,TXN-222629,2026-02-16,Card,Failed Payment,27.03,Subscription,Success,The transaction failed and I still cannot see my money returned.,Yes,Medium,Manual Review,Open,5,1,No,Payment Operations,0,System Mapping Error,Neutral
DSP-0166,CUST-5732,TXN-247111,2026-02-17,Card,Refund Delay,14.65,Food Delivery,Failed,My refund of £14.65 is still pending after several days.,No,Medium,Manual Review,Awaiting Evidence,7,4,No,Refund Team,0,Merchant Settlement Delay,Positive
DSP-0167,CUST-9056,TXN-535820,2026-04-24,Bank Transfer,Failed Payment,26.63,Subscription,Success,The transaction failed and I still cannot see my money returned.,No,Medium,Manual Review,Resolved,5,8,Yes,Payment Operations,13.31,System Mapping Error,Negative
DSP-0168,CUST-9898,TXN-963274,2026-04-04,Bank Transfer,Unauthorised Transaction,79.73,Retail,Pending,This payment was made without my permission.,Yes,High,Manual Review,Resolved,10,5,No,Fraud Review,39.87,Manual Follow-up Delay,Negative
DSP-0169,CUST-5305,TXN-465509,2026-01-23,Bank Transfer,Chargeback Request,68.49,Transport,Failed,The service was not provided and I want to raise a chargeback.,Yes,Medium,Manual Review,Resolved,10,3,No,Payment Operations,0,Manual Follow-up Delay,Neutral
DSP-0170,CUST-6747,TXN-658136,2026-03-13,Bank Transfer,Failed Payment,108.57,Subscription,Success,The transaction failed and I still cannot see my money returned.,No,Medium,Manual Review,Open,5,6,Yes,Payment Operations,0,System Mapping Error,Negative
DSP-0171,CUST-1971,TXN-390794,2026-02-02,Wallet,Failed Payment,18.9,Retail,Failed,The transaction failed and I still cannot see my money returned.,Yes,Medium,Eligible,Resolved,5,8,Yes,Payment Operations,18.9,Bank Reversal Delay,Negative
DSP-0172,CUST-8405,TXN-179184,2026-01-24,Card,Wrong Amount Debited,409.21,Bills & Utilities,Pending,The wrong amount was debited from my account. Please investigate.,No,Medium,Manual Review,Awaiting Evidence,5,9,Yes,Payment Operations,0,System Mapping Error,Negative
DSP-0173,CUST-8511,TXN-765678,2026-04-02,Open Banking,Unauthorised Transaction,103.28,Travel,Pending,I do not recognise this transaction and did not authorise it.,No,High,Manual Review,Awaiting Evidence,10,15,Yes,Fraud Review,0,Manual Follow-up Delay,Negative
DSP-0174,CUST-1752,TXN-204411,2026-04-28,Card,Chargeback Request,16.16,Bills & Utilities,Success,The service was not provided and I want to raise a chargeback.,Yes,Medium,Manual Review,In Review,10,10,No,Payment Operations,0,Merchant Settlement Delay,Negative
DSP-0175,CUST-5489,TXN-197874,2026-04-03,Card,Refund Delay,81.91,Bills & Utilities,Failed,The merchant said the refund was processed but I have not received it.,No,Medium,Manual Review,Resolved,7,7,No,Refund Team,40.95,Bank Reversal Delay,Neutral
DSP-0176,CUST-9510,TXN-813013,2026-04-24,Card,Wrong Amount Debited,35.5,Food Delivery,Success,The wrong amount was debited from my account. Please investigate.,Yes,Medium,Manual Review,Resolved,5,6,Yes,Payment Operations,26.62,System Mapping Error,Negative
DSP-0177,CUST-7270,TXN-911032,2026-02-04,Wallet,Wrong Amount Debited,9.57,Subscription,Failed,The wrong amount was debited from my account. Please investigate.,Yes,Medium,Manual Review,Resolved,5,4,No,Payment Operations,0,System Mapping Error,Neutral
DSP-0178,CUST-2646,TXN-246814,2026-02-01,Bank Transfer,Refund Delay,108.36,Retail,Success,The merchant said the refund was processed but I have not received it.,Yes,Medium,Manual Review,Resolved,7,4,No,Refund Team,0,Bank Reversal Delay,Positive
DSP-0179,CUST-5942,TXN-315425,2026-05-13,Bank Transfer,Failed Payment,25.89,Transport,Pending,The transaction failed and I still cannot see my money returned.,No,Medium,Manual Review,Resolved,5,7,Yes,Payment Operations,12.95,Bank Reversal Delay,Negative
DSP-0180,CUST-6185,TXN-238394,2026-04-10,Open Banking,Merchant Not Credited,21.78,Transport,Success,The money left my account but the merchant says they did not receive it.,No,Medium,Manual Review,Resolved,7,12,Yes,Merchant Support,16.34,Merchant Settlement Delay,Negative
DSP-0181,CUST-1652,TXN-163406,2026-04-12,Bank Transfer,Merchant Not Credited,40.55,E-commerce,Success,I paid successfully but the merchant has no confirmation.,Yes,Medium,Manual Review,Resolved,7,6,No,Merchant Support,20.27,Gateway Timeout,Neutral
DSP-0182,CUST-7401,TXN-714923,2026-01-17,Card,Refund Delay,96.39,Retail,Success,The merchant said the refund was processed but I have not received it.,Yes,Medium,Manual Review,Resolved,7,4,No,Refund Team,96.39,Merchant Settlement Delay,Neutral
DSP-0183,CUST-1207,TXN-842287,2026-02-05,Wallet,Failed Payment,161.56,Transport,Pending,My payment of £161.56 failed but the money was debited.,Yes,Medium,Manual Review,Resolved,5,9,Yes,Payment Operations,0,Bank Reversal Delay,Negative
DSP-0184,CUST-6488,TXN-946313,2026-04-20,Card,Failed Payment,84.04,Food Delivery,Failed,My payment of £84.04 failed but the money was debited.,Yes,Medium,Eligible,Resolved,5,9,Yes,Payment Operations,84.04,Gateway Timeout,Negative
DSP-0185,CUST-7024,TXN-264951,2026-03-07,Wallet,APP Scam Claim,53.89,E-commerce,Failed,I believe I have been scammed through a bank transfer.,Yes,High,Manual Review,Resolved,10,11,Yes,Fraud Review,26.95,Fraud Indicator,Negative
DSP-0186,CUST-4678,TXN-437433,2026-03-05,Card,Wrong Amount Debited,28.17,Travel,Success,The wrong amount was debited from my account. Please investigate.,Yes,Medium,Manual Review,Resolved,5,9,Yes,Payment Operations,0,System Mapping Error,Negative
DSP-0187,CUST-7568,TXN-172274,2026-04-30,Open Banking,Unauthorised Transaction,29.9,Bills & Utilities,Success,I do not recognise this transaction and did not authorise it.,Yes,High,Manual Review,Resolved,10,12,Yes,Fraud Review,22.42,Manual Follow-up Delay,Negative
DSP-0188,CUST-9954,TXN-897423,2026-03-04,Card,Chargeback Request,77.22,Food Delivery,Pending,The service was not provided and I want to raise a chargeback.,Yes,Medium,Manual Review,Resolved,10,1,No,Payment Operations,0,Manual Follow-up Delay,Positive
DSP-0189,CUST-4361,TXN-655550,2026-03-02,Card,Chargeback Request,28.91,Retail,Pending,The service was not provided and I want to raise a chargeback.,Yes,Medium,Manual Review,Resolved,10,8,No,Payment Operations,0,Manual Follow-up Delay,Negative
DSP-0190,CUST-7461,TXN-178465,2026-05-26,Card,Merchant Not Credited,18.91,Transport,Success,I paid successfully but the merchant has no confirmation.,No,Medium,Manual Review,In Review,7,8,Yes,Merchant Support,0,Gateway Timeout,Negative
DSP-0191,CUST-8417,TXN-385166,2026-03-01,Card,Duplicate Debit,108.09,Retail,Success,There are two debits for one order. Please refund the duplicate amount.,Yes,Low,Eligible,Resolved,5,2,No,Refund Team,108.09,Duplicate Processing,Neutral
DSP-0192,CUST-6051,TXN-585854,2026-03-09,Open Banking,Failed Payment,77.07,E-commerce,Failed,My payment of £77.07 failed but the money was debited.,Yes,Medium,Eligible,Resolved,5,7,Yes,Payment Operations,77.07,Bank Reversal Delay,Negative
DSP-0193,CUST-6828,TXN-515492,2026-05-12,Card,Duplicate Debit,71.16,Bills & Utilities,Pending,I was charged twice for the same payment of £71.16.,Yes,Low,Eligible,Resolved,5,1,No,Refund Team,71.16,Duplicate Processing,Neutral
DSP-0194,CUST-1195,TXN-164664,2026-02-26,Card,Unauthorised Transaction,24.44,E-commerce,Success,This payment was made without my permission.,Yes,High,Manual Review,Resolved,10,10,No,Fraud Review,24.44,Fraud Indicator,Negative
DSP-0195,CUST-3110,TXN-196446,2026-03-26,Card,Chargeback Request,28.4,Bills & Utilities,Success,The service was not provided and I want to raise a chargeback.,Yes,Medium,Manual Review,Resolved,10,2,No,Payment Operations,14.2,Merchant Settlement Delay,Neutral
DSP-0196,CUST-5835,TXN-623125,2026-04-16,Open Banking,Refund Delay,15.27,Bills & Utilities,Success,The merchant said the refund was processed but I have not received it.,No,Medium,Manual Review,Resolved,7,14,Yes,Refund Team,0,Manual Follow-up Delay,Negative
DSP-0197,CUST-7266,TXN-919898,2026-04-02,Bank Transfer,Unauthorised Transaction,23.96,Travel,Success,I do not recognise this transaction and did not authorise it.,Yes,High,Manual Review,In Review,10,10,No,Fraud Review,0,Customer Evidence Missing,Negative
DSP-0198,CUST-8728,TXN-655149,2026-04-02,Wallet,Chargeback Request,55.25,Transport,Pending,"The merchant refused refund, so I need a chargeback review.",No,Medium,Manual Review,Resolved,10,8,No,Payment Operations,0,Merchant Settlement Delay,Negative
DSP-0199,CUST-6813,TXN-979988,2026-02-14,Card,Merchant Not Credited,177.1,Subscription,Success,I paid successfully but the merchant has no confirmation.,Yes,Medium,Manual Review,Resolved,7,4,No,Merchant Support,0,Gateway Timeout,Positive
DSP-0200,CUST-3876,TXN-614259,2026-01-10,Card,Duplicate Debit,17.02,Food Delivery,Success,There are two debits for one order. Please refund the duplicate amount.,Yes,Low,Eligible,In Review,5,1,No,Refund Team,0,Duplicate Processing,Neutral
DSP-0201,CUST-1975,TXN-122977,2026-02-07,Bank Transfer,APP Scam Claim,34.15,Travel,Success,I believe I have been scammed through a bank transfer.,No,High,Manual Review,Awaiting Evidence,10,19,Yes,Fraud Review,0,Manual Follow-up Delay,Negative
DSP-0202,CUST-3854,TXN-841535,2026-05-24,Wallet,Chargeback Request,69.32,Subscription,Pending,"The merchant refused refund, so I need a chargeback review.",Yes,Medium,Manual Review,Resolved,10,4,No,Payment Operations,69.32,Manual Follow-up Delay,Neutral
DSP-0203,CUST-1530,TXN-290926,2026-03-23,Open Banking,Chargeback Request,15.85,Bills & Utilities,Success,"The merchant refused refund, so I need a chargeback review.",No,Medium,Manual Review,Resolved,10,7,No,Payment Operations,0,Merchant Settlement Delay,Positive
DSP-0204,CUST-1186,TXN-378095,2026-02-23,Card,Failed Payment,27.17,Food Delivery,Success,The transaction failed and I still cannot see my money returned.,Yes,Medium,Manual Review,In Review,5,8,Yes,Payment Operations,0,Bank Reversal Delay,Negative
DSP-0205,CUST-7204,TXN-468292,2026-05-20,Card,Unauthorised Transaction,109.71,Transport,Failed,I do not recognise this transaction and did not authorise it.,Yes,High,Manual Review,Resolved,10,11,Yes,Fraud Review,54.85,Fraud Indicator,Negative
DSP-0206,CUST-6600,TXN-278368,2026-04-07,Card,Failed Payment,30.29,Subscription,Pending,The transaction failed and I still cannot see my money returned.,Yes,Medium,Manual Review,Resolved,5,5,No,Payment Operations,0,Gateway Timeout,Positive
DSP-0207,CUST-5612,TXN-411847,2026-03-02,Card,Refund Delay,46.63,Food Delivery,Success,My refund of £46.63 is still pending after several days.,Yes,Medium,Manual Review,Resolved,7,7,No,Refund Team,23.32,Merchant Settlement Delay,Neutral
DSP-0208,CUST-2342,TXN-596574,2026-01-30,Card,Refund Delay,38.59,Food Delivery,Failed,My refund of £38.59 is still pending after several days.,Yes,Medium,Manual Review,In Review,7,2,No,Refund Team,0,Merchant Settlement Delay,Neutral
DSP-0209,CUST-1731,TXN-376085,2026-04-23,Bank Transfer,Duplicate Debit,28.23,Transport,Failed,I was charged twice for the same payment of £28.23.,Yes,Low,Eligible,Resolved,5,1,No,Refund Team,28.23,Duplicate Processing,Neutral
DSP-0210,CUST-7342,TXN-958160,2026-05-14,Card,Merchant Not Credited,112.02,Retail,Success,The money left my account but the merchant says they did not receive it.,Yes,Medium,Manual Review,Resolved,7,3,No,Merchant Support,0,Gateway Timeout,Neutral
DSP-0211,CUST-8357,TXN-281276,2026-02-12,Open Banking,Unauthorised Transaction,15.72,E-commerce,Success,I do not recognise this transaction and did not authorise it.,No,High,Manual Review,Resolved,10,16,Yes,Fraud Review,0,Manual Follow-up Delay,Negative
DSP-0212,CUST-7358,TXN-683390,2026-04-12,Bank Transfer,APP Scam Claim,57.2,Food Delivery,Pending,I believe I have been scammed through a bank transfer.,Yes,High,Manual Review,Open,10,14,Yes,Fraud Review,0,Manual Follow-up Delay,Negative
DSP-0213,CUST-3451,TXN-255398,2026-05-26,Bank Transfer,Unauthorised Transaction,44.78,Travel,Pending,This payment was made without my permission.,No,High,Manual Review,Resolved,10,13,Yes,Fraud Review,22.39,Customer Evidence Missing,Negative
DSP-0214,CUST-7602,TXN-250840,2026-04-13,Card,APP Scam Claim,29.3,E-commerce,Success,I believe I have been scammed through a bank transfer.,Yes,High,Manual Review,Resolved,10,15,Yes,Fraud Review,29.3,Customer Evidence Missing,Negative
DSP-0215,CUST-2609,TXN-339030,2026-02-04,Card,Wrong Amount Debited,72.85,E-commerce,Success,The wrong amount was debited from my account. Please investigate.,Yes,Medium,Manual Review,Resolved,5,1,No,Payment Operations,72.85,System Mapping Error,Positive
DSP-0216,CUST-9442,TXN-929937,2026-02-10,Card,Wrong Amount Debited,21.29,Subscription,Pending,The wrong amount was debited from my account. Please investigate.,Yes,Medium,Manual Review,Open,5,8,Yes,Payment Operations,0,System Mapping Error,Negative
DSP-0217,CUST-5087,TXN-134677,2026-04-27,Card,Refund Delay,20.19,Bills & Utilities,Failed,My refund of £20.19 is still pending after several days.,Yes,Medium,Manual Review,Resolved,7,5,No,Refund Team,15.14,Bank Reversal Delay,Positive
DSP-0218,CUST-3679,TXN-978343,2026-03-08,Wallet,Wrong Amount Debited,24.27,Retail,Pending,The wrong amount was debited from my account. Please investigate.,No,Medium,Manual Review,Awaiting Evidence,5,6,Yes,Payment Operations,0,System Mapping Error,Negative
DSP-0219,CUST-4387,TXN-382154,2026-04-15,Bank Transfer,APP Scam Claim,38.72,Retail,Failed,I believe I have been scammed through a bank transfer.,Yes,High,Manual Review,Resolved,10,5,No,Fraud Review,38.72,Customer Evidence Missing,Negative
DSP-0220,CUST-8520,TXN-364239,2026-02-25,Bank Transfer,Wrong Amount Debited,88.63,Food Delivery,Success,I authorised a lower amount but a higher amount was taken.,No,Medium,Manual Review,Resolved,5,4,No,Payment Operations,0,Customer Input Error,Positive
DSP-0221,CUST-2771,TXN-605139,2026-01-17,Card,Duplicate Debit,28.43,E-commerce,Failed,There are two debits for one order. Please refund the duplicate amount.,No,Medium,Manual Review,Resolved,5,8,Yes,Refund Team,0,Duplicate Processing,Negative
DSP-0222,CUST-6236,TXN-813824,2026-02-05,Wallet,Merchant Not Credited,33.31,Food Delivery,Failed,I paid successfully but the merchant has no confirmation.,No,Medium,Manual Review,Resolved,7,12,Yes,Merchant Support,0,Merchant Settlement Delay,Negative
DSP-0223,CUST-6873,TXN-631958,2026-03-18,Open Banking,Unauthorised Transaction,79.08,Food Delivery,Success,I do not recognise this transaction and did not authorise it.,No,High,Manual Review,Resolved,10,15,Yes,Fraud Review,39.54,Manual Follow-up Delay,Negative
DSP-0224,CUST-6820,TXN-334176,2026-03-20,Bank Transfer,APP Scam Claim,25.75,Bills & Utilities,Pending,I was tricked into sending money and need urgent help.,Yes,High,Manual Review,Resolved,10,6,No,Fraud Review,12.88,Manual Follow-up Delay,Negative
DSP-0225,CUST-7253,TXN-655575,2026-03-18,Card,APP Scam Claim,30.3,Bills & Utilities,Success,I was tricked into sending money and need urgent help.,No,High,Manual Review,Open,10,12,Yes,Fraud Review,0,Fraud Indicator,Negative
DSP-0226,CUST-8105,TXN-764259,2026-04-20,Card,Chargeback Request,33.89,Retail,Failed,The service was not provided and I want to raise a chargeback.,No,Medium,Manual Review,Resolved,10,8,No,Payment Operations,16.95,Customer Evidence Missing,Negative
DSP-0227,CUST-5076,TXN-337256,2026-03-30,Card,Failed Payment,40.73,Food Delivery,Pending,The transaction failed and I still cannot see my money returned.,Yes,Medium,Manual Review,Resolved,5,2,No,Payment Operations,40.73,Bank Reversal Delay,Neutral
DSP-0228,CUST-9031,TXN-476701,2026-02-18,Card,APP Scam Claim,40.76,E-commerce,Failed,I was tricked into sending money and need urgent help.,Yes,High,Manual Review,Resolved,10,11,Yes,Fraud Review,20.38,Manual Follow-up Delay,Negative
DSP-0229,CUST-2771,TXN-785315,2026-01-06,Card,Failed Payment,36.87,Travel,Success,My payment of £36.87 failed but the money was debited.,Yes,Medium,Manual Review,Resolved,5,5,No,Payment Operations,36.87,System Mapping Error,Positive
DSP-0230,CUST-7862,TXN-971002,2026-01-27,Bank Transfer,Merchant Not Credited,9.28,Bills & Utilities,Success,I paid successfully but the merchant has no confirmation.,Yes,Medium,Manual Review,Open,7,7,No,Merchant Support,0,Incorrect Merchant Reference,Positive
DSP-0231,CUST-5839,TXN-268163,2026-01-11,Bank Transfer,APP Scam Claim,68.61,Retail,Success,I was tricked into sending money and need urgent help.,Yes,High,Manual Review,Resolved,10,13,Yes,Fraud Review,68.61,Fraud Indicator,Negative
DSP-0232,CUST-2659,TXN-368322,2026-03-01,Bank Transfer,Chargeback Request,28.16,Transport,Success,The service was not provided and I want to raise a chargeback.,Yes,Medium,Manual Review,Resolved,10,2,No,Payment Operations,0,Customer Evidence Missing,Positive
DSP-0233,CUST-2556,TXN-992596,2026-01-12,Card,Failed Payment,55.69,Bills & Utilities,Pending,The transaction failed and I still cannot see my money returned.,Yes,Medium,Manual Review,Resolved,5,10,Yes,Payment Operations,41.77,System Mapping Error,Negative
DSP-0234,CUST-7319,TXN-823415,2026-05-03,Wallet,Merchant Not Credited,65.9,E-commerce,Failed,I paid successfully but the merchant has no confirmation.,No,Medium,Manual Review,Resolved,7,14,Yes,Merchant Support,0,Merchant Settlement Delay,Negative
DSP-0235,CUST-8178,TXN-290065,2026-04-08,Wallet,Merchant Not Credited,38.54,Bills & Utilities,Success,I paid successfully but the merchant has no confirmation.,Yes,Medium,Manual Review,Resolved,7,6,No,Merchant Support,0,Gateway Timeout,Neutral
DSP-0236,CUST-9504,TXN-648513,2026-01-25,Bank Transfer,Wrong Amount Debited,37.4,E-commerce,Success,I authorised a lower amount but a higher amount was taken.,No,Medium,Manual Review,Resolved,5,13,Yes,Payment Operations,0,System Mapping Error,Negative
DSP-0237,CUST-9123,TXN-273438,2026-01-20,Wallet,Duplicate Debit,28.74,Subscription,Success,I was charged twice for the same payment of £28.74.,Yes,Low,Eligible,Resolved,5,1,No,Refund Team,28.74,Duplicate Processing,Positive
DSP-0238,CUST-9166,TXN-568784,2026-03-22,Card,Refund Delay,51.9,Bills & Utilities,Success,The merchant said the refund was processed but I have not received it.,No,Medium,Manual Review,Awaiting Evidence,7,7,No,Refund Team,0,Bank Reversal Delay,Positive
DSP-0239,CUST-8474,TXN-457411,2026-04-04,Wallet,Unauthorised Transaction,85.76,Transport,Failed,This payment was made without my permission.,Yes,High,Manual Review,Resolved,10,8,No,Fraud Review,85.76,Manual Follow-up Delay,Negative
DSP-0240,CUST-9973,TXN-647341,2026-04-06,Wallet,Failed Payment,22.88,E-commerce,Failed,My payment of £22.88 failed but the money was debited.,Yes,Medium,Eligible,Resolved,5,8,Yes,Payment Operations,22.88,Bank Reversal Delay,Negative
DSP-0241,CUST-2978,TXN-993590,2026-04-11,Card,Unauthorised Transaction,20.46,Transport,Success,I do not recognise this transaction and did not authorise it.,No,High,Manual Review,Resolved,10,9,No,Fraud Review,0,Manual Follow-up Delay,Negative
DSP-0242,CUST-9172,TXN-104548,2026-05-16,Wallet,Merchant Not Credited,31.94,Subscription,Pending,The money left my account but the merchant says they did not receive it.,No,Medium,Manual Review,Resolved,7,8,Yes,Merchant Support,0,Gateway Timeout,Negative
DSP-0243,CUST-2696,TXN-506224,2026-03-24,Bank Transfer,Refund Delay,68.49,Travel,Pending,My refund of £68.49 is still pending after several days.,No,Medium,Manual Review,Awaiting Evidence,7,8,Yes,Refund Team,0,Bank Reversal Delay,Negative
DSP-0244,CUST-9975,TXN-429159,2026-05-22,Bank Transfer,Duplicate Debit,52.21,Travel,Pending,I was charged twice for the same payment of £52.21.,Yes,Low,Eligible,Resolved,5,6,Yes,Refund Team,52.21,Duplicate Processing,Negative
DSP-0245,CUST-9255,TXN-668843,2026-03-24,Wallet,Unauthorised Transaction,50.28,E-commerce,Failed,I do not recognise this transaction and did not authorise it.,No,High,Manual Review,Awaiting Evidence,10,9,No,Fraud Review,0,Manual Follow-up Delay,Negative
DSP-0246,CUST-1414,TXN-499371,2026-02-07,Card,Failed Payment,8.29,Travel,Failed,The transaction failed and I still cannot see my money returned.,Yes,Medium,Eligible,Resolved,5,11,Yes,Payment Operations,8.29,Gateway Timeout,Negative
DSP-0247,CUST-4342,TXN-890200,2026-05-19,Card,Unauthorised Transaction,90.53,Retail,Failed,This payment was made without my permission.,No,High,Manual Review,In Review,10,12,Yes,Fraud Review,0,Manual Follow-up Delay,Negative
DSP-0248,CUST-6122,TXN-678944,2026-01-14,Card,Duplicate Debit,90.24,Transport,Success,There are two debits for one order. Please refund the duplicate amount.,Yes,Low,Eligible,Resolved,5,7,Yes,Refund Team,90.24,Duplicate Processing,Negative
DSP-0249,CUST-9955,TXN-874320,2026-02-20,Wallet,Chargeback Request,28.08,E-commerce,Success,The service was not provided and I want to raise a chargeback.,No,Medium,Manual Review,Resolved,10,6,No,Payment Operations,0,Manual Follow-up Delay,Neutral
DSP-0250,CUST-5178,TXN-105919,2026-03-26,Bank Transfer,Chargeback Request,75.5,E-commerce,Failed,The service was not provided and I want to raise a chargeback.,No,Medium,Manual Review,Awaiting Evidence,10,5,No,Payment Operations,0,Customer Evidence Missing,Positive
DSP-0251,CUST-6207,TXN-650916,2026-02-26,Open Banking,Merchant Not Credited,66.46,Subscription,Failed,I paid successfully but the merchant has no confirmation.,Yes,Medium,Manual Review,Resolved,7,11,Yes,Merchant Support,66.46,Merchant Settlement Delay,Negative
DSP-0252,CUST-1144,TXN-220294,2026-03-30,Bank Transfer,APP Scam Claim,62.65,Food Delivery,Failed,I was tricked into sending money and need urgent help.,Yes,High,Manual Review,Resolved,10,8,No,Fraud Review,46.99,Fraud Indicator,Negative
DSP-0253,CUST-9468,TXN-962043,2026-04-06,Bank Transfer,Refund Delay,39.36,E-commerce,Success,The merchant said the refund was processed but I have not received it.,Yes,Medium,Manual Review,Resolved,7,9,Yes,Refund Team,19.68,Bank Reversal Delay,Negative
DSP-0254,CUST-4492,TXN-818699,2026-04-19,Wallet,Duplicate Debit,75.43,Transport,Pending,I was charged twice for the same payment of £75.43.,No,Medium,Manual Review,Resolved,5,15,Yes,Refund Team,56.57,Duplicate Processing,Negative
DSP-0255,CUST-2433,TXN-176806,2026-01-14,Card,Duplicate Debit,111.24,Bills & Utilities,Failed,I was charged twice for the same payment of £111.24.,Yes,Low,Eligible,Resolved,5,7,Yes,Refund Team,111.24,Duplicate Processing,Negative
DSP-0256,CUST-1745,TXN-834928,2026-01-19,Card,Refund Delay,15.25,Subscription,Success,The merchant said the refund was processed but I have not received it.,No,Medium,Manual Review,Resolved,7,9,Yes,Refund Team,0,Merchant Settlement Delay,Negative
DSP-0257,CUST-8765,TXN-263917,2026-05-17,Card,Wrong Amount Debited,17.87,Travel,Failed,The wrong amount was debited from my account. Please investigate.,No,Medium,Manual Review,Open,5,9,Yes,Payment Operations,0,Customer Input Error,Negative
DSP-0258,CUST-1684,TXN-105274,2026-05-27,Bank Transfer,Merchant Not Credited,103.28,E-commerce,Failed,The money left my account but the merchant says they did not receive it.,No,Medium,Manual Review,Resolved,7,10,Yes,Merchant Support,0,Merchant Settlement Delay,Negative
DSP-0259,CUST-3637,TXN-292930,2026-02-26,Bank Transfer,Duplicate Debit,7.33,Subscription,Pending,I was charged twice for the same payment of £7.33.,No,Medium,Manual Review,Resolved,5,17,Yes,Refund Team,5.5,Duplicate Processing,Negative
DSP-0260,CUST-5107,TXN-202972,2026-02-20,Wallet,Refund Delay,30.48,E-commerce,Success,My refund of £30.48 is still pending after several days.,Yes,Medium,Manual Review,In Review,7,2,No,Refund Team,0,Bank Reversal Delay,Positive
DSP-0261,CUST-6379,TXN-746281,2026-03-20,Wallet,Failed Payment,67.16,Bills & Utilities,Success,The transaction failed and I still cannot see my money returned.,Yes,Medium,Manual Review,Resolved,5,4,No,Payment Operations,67.16,Gateway Timeout,Positive
DSP-0262,CUST-8583,TXN-566991,2026-04-02,Wallet,Refund Delay,8.09,Food Delivery,Pending,The merchant said the refund was processed but I have not received it.,No,Medium,Manual Review,Open,7,4,No,Refund Team,0,Bank Reversal Delay,Positive
DSP-0263,CUST-2235,TXN-119535,2026-05-10,Bank Transfer,Unauthorised Transaction,66.59,Retail,Pending,I do not recognise this transaction and did not authorise it.,Yes,High,Manual Review,Resolved,10,13,Yes,Fraud Review,49.94,Manual Follow-up Delay,Negative
DSP-0264,CUST-5767,TXN-240384,2026-04-29,Bank Transfer,Failed Payment,62.57,Retail,Success,The transaction failed and I still cannot see my money returned.,No,Medium,Manual Review,Open,5,6,Yes,Payment Operations,0,System Mapping Error,Negative
DSP-0265,CUST-6878,TXN-142383,2026-02-26,Wallet,Duplicate Debit,25.83,E-commerce,Success,There are two debits for one order. Please refund the duplicate amount.,No,Medium,Manual Review,Resolved,5,6,Yes,Refund Team,25.83,Duplicate Processing,Negative
DSP-0266,CUST-2691,TXN-837920,2026-05-14,Bank Transfer,Duplicate Debit,93.42,Subscription,Success,There are two debits for one order. Please refund the duplicate amount.,Yes,Low,Eligible,Resolved,5,5,No,Refund Team,93.42,Duplicate Processing,Neutral
DSP-0267,CUST-7165,TXN-333726,2026-05-13,Card,Unauthorised Transaction,13.6,Subscription,Success,I do not recognise this transaction and did not authorise it.,No,High,Manual Review,Resolved,10,14,Yes,Fraud Review,6.8,Customer Evidence Missing,Negative
DSP-0268,CUST-6934,TXN-731264,2026-01-31,Wallet,Refund Delay,30.59,E-commerce,Success,The merchant said the refund was processed but I have not received it.,Yes,Medium,Manual Review,Resolved,7,7,No,Refund Team,15.29,Bank Reversal Delay,Neutral
DSP-0269,CUST-3639,TXN-241268,2026-05-12,Card,Merchant Not Credited,16.89,Retail,Failed,The money left my account but the merchant says they did not receive it.,Yes,Medium,Manual Review,Resolved,7,4,No,Merchant Support,0,Gateway Timeout,Neutral
DSP-0270,CUST-8359,TXN-735988,2026-05-01,Open Banking,Failed Payment,135.22,Transport,Failed,The transaction failed and I still cannot see my money returned.,No,Medium,Manual Review,Resolved,5,4,No,Payment Operations,135.22,System Mapping Error,Positive
DSP-0271,CUST-2127,TXN-340977,2026-04-07,Card,Failed Payment,40.89,Retail,Failed,My payment of £40.89 failed but the money was debited.,Yes,Medium,Eligible,Resolved,5,1,No,Payment Operations,40.89,System Mapping Error,Neutral
DSP-0272,CUST-8901,TXN-791423,2026-02-03,Open Banking,Merchant Not Credited,63.94,Bills & Utilities,Success,I paid successfully but the merchant has no confirmation.,Yes,Medium,Manual Review,Resolved,7,4,No,Merchant Support,0,Gateway Timeout,Positive
DSP-0273,CUST-6742,TXN-717661,2026-05-28,Card,Failed Payment,38.73,Transport,Success,My payment of £38.73 failed but the money was debited.,Yes,Medium,Manual Review,Resolved,5,4,No,Payment Operations,0,System Mapping Error,Neutral
DSP-0274,CUST-7144,TXN-786341,2026-02-22,Wallet,Duplicate Debit,31.89,E-commerce,Failed,There are two debits for one order. Please refund the duplicate amount.,Yes,Low,Eligible,Resolved,5,4,No,Refund Team,31.89,Duplicate Processing,Positive
DSP-0275,CUST-7511,TXN-891645,2026-02-22,Card,Unauthorised Transaction,38.84,Subscription,Failed,I do not recognise this transaction and did not authorise it.,No,High,Manual Review,Resolved,10,11,Yes,Fraud Review,0,Manual Follow-up Delay,Negative
DSP-0276,CUST-8317,TXN-921149,2026-02-11,Card,Refund Delay,328.57,Subscription,Failed,The merchant said the refund was processed but I have not received it.,Yes,Medium,Manual Review,Resolved,7,9,Yes,Refund Team,0,Bank Reversal Delay,Negative
DSP-0277,CUST-3381,TXN-594580,2026-04-22,Card,Duplicate Debit,24.98,E-commerce,Success,I was charged twice for the same payment of £24.98.,No,Medium,Manual Review,Resolved,5,6,Yes,Refund Team,0,Duplicate Processing,Negative
DSP-0278,CUST-9099,TXN-560295,2026-01-03,Card,Merchant Not Credited,75.24,Food Delivery,Pending,The money left my account but the merchant says they did not receive it.,Yes,Medium,Manual Review,Resolved,7,5,No,Merchant Support,37.62,Gateway Timeout,Positive
DSP-0279,CUST-1004,TXN-265092,2026-01-23,Open Banking,Unauthorised Transaction,28.39,Subscription,Success,This payment was made without my permission.,Yes,High,Manual Review,Resolved,10,12,Yes,Fraud Review,0,Manual Follow-up Delay,Negative
DSP-0280,CUST-6693,TXN-955129,2026-03-12,Card,Chargeback Request,36.21,Food Delivery,Success,"The merchant refused refund, so I need a chargeback review.",Yes,Medium,Manual Review,Resolved,10,6,No,Payment Operations,27.16,Merchant Settlement Delay,Neutral
DSP-0281,CUST-9813,TXN-952646,2026-05-28,Card,Refund Delay,28.58,Retail,Failed,My refund of £28.58 is still pending after several days.,No,Medium,Manual Review,In Review,7,6,No,Refund Team,0,Merchant Settlement Delay,Neutral
DSP-0282,CUST-2106,TXN-501261,2026-02-26,Wallet,Duplicate Debit,41.44,Transport,Success,I was charged twice for the same payment of £41.44.,Yes,Low,Eligible,Resolved,5,1,No,Refund Team,41.44,Duplicate Processing,Positive
DSP-0283,CUST-3924,TXN-599704,2026-03-22,Card,APP Scam Claim,40.37,E-commerce,Success,I was tricked into sending money and need urgent help.,Yes,High,Manual Review,Resolved,10,11,Yes,Fraud Review,20.18,Fraud Indicator,Negative
DSP-0284,CUST-2285,TXN-808640,2026-05-07,Bank Transfer,Unauthorised Transaction,43.08,Bills & Utilities,Success,I do not recognise this transaction and did not authorise it.,Yes,High,Manual Review,In Review,10,13,Yes,Fraud Review,0,Manual Follow-up Delay,Negative
DSP-0285,CUST-9374,TXN-393880,2026-04-12,Card,Merchant Not Credited,37.76,Subscription,Success,The money left my account but the merchant says they did not receive it.,No,Medium,Manual Review,Resolved,7,9,Yes,Merchant Support,18.88,Merchant Settlement Delay,Negative
DSP-0286,CUST-4452,TXN-497859,2026-05-29,Card,Refund Delay,77.41,Travel,Success,My refund of £77.41 is still pending after several days.,Yes,Medium,Manual Review,Resolved,7,6,No,Refund Team,58.06,Manual Follow-up Delay,Neutral
DSP-0287,CUST-7099,TXN-482812,2026-04-13,Card,Failed Payment,11.38,Retail,Pending,The transaction failed and I still cannot see my money returned.,No,Medium,Manual Review,Resolved,5,3,No,Payment Operations,0,Gateway Timeout,Neutral
DSP-0288,CUST-1159,TXN-285186,2026-04-18,Bank Transfer,Chargeback Request,116.14,E-commerce,Success,The service was not provided and I want to raise a chargeback.,Yes,Medium,Manual Review,Resolved,10,3,No,Payment Operations,0,Customer Evidence Missing,Positive
DSP-0289,CUST-3676,TXN-162952,2026-02-25,Wallet,Refund Delay,57.07,Travel,Success,The merchant said the refund was processed but I have not received it.,Yes,Medium,Manual Review,Resolved,7,8,Yes,Refund Team,57.07,Manual Follow-up Delay,Negative
DSP-0290,CUST-9821,TXN-283017,2026-03-14,Card,Wrong Amount Debited,37.74,Food Delivery,Success,I authorised a lower amount but a higher amount was taken.,No,Medium,Manual Review,Awaiting Evidence,5,5,No,Payment Operations,0,System Mapping Error,Positive
DSP-0291,CUST-7631,TXN-990136,2026-01-19,Card,Refund Delay,18.47,E-commerce,Success,My refund of £18.47 is still pending after several days.,No,Medium,Manual Review,Awaiting Evidence,7,9,Yes,Refund Team,0,Merchant Settlement Delay,Negative
DSP-0292,CUST-7782,TXN-275445,2026-02-17,Open Banking,Failed Payment,24.12,E-commerce,Failed,My payment of £24.12 failed but the money was debited.,Yes,Medium,Eligible,Resolved,5,2,No,Payment Operations,24.12,Gateway Timeout,Neutral
DSP-0293,CUST-8752,TXN-675074,2026-01-14,Card,Refund Delay,61.65,Travel,Failed,The merchant said the refund was processed but I have not received it.,Yes,Medium,Manual Review,Resolved,7,5,No,Refund Team,0,Merchant Settlement Delay,Neutral
DSP-0294,CUST-1468,TXN-136862,2026-04-02,Open Banking,Duplicate Debit,10.08,Subscription,Pending,There are two debits for one order. Please refund the duplicate amount.,Yes,Low,Eligible,Resolved,5,5,No,Refund Team,10.08,Duplicate Processing,Neutral
DSP-0295,CUST-8126,TXN-648887,2026-05-17,Card,Refund Delay,54.39,Bills & Utilities,Success,My refund of £54.39 is still pending after several days.,Yes,Medium,Manual Review,Open,7,5,No,Refund Team,0,Bank Reversal Delay,Positive
DSP-0296,CUST-8687,TXN-661091,2026-01-03,Wallet,Refund Delay,68.85,Transport,Success,The merchant said the refund was processed but I have not received it.,No,Medium,Manual Review,Awaiting Evidence,7,6,No,Refund Team,0,Bank Reversal Delay,Positive
DSP-0297,CUST-7745,TXN-687783,2026-04-22,Card,Failed Payment,71.28,Bills & Utilities,Success,The transaction failed and I still cannot see my money returned.,No,Medium,Manual Review,Awaiting Evidence,5,6,Yes,Payment Operations,0,System Mapping Error,Negative
DSP-0298,CUST-5664,TXN-779956,2026-05-17,Wallet,Refund Delay,75.98,Travel,Success,The merchant said the refund was processed but I have not received it.,Yes,Medium,Manual Review,Resolved,7,11,Yes,Refund Team,0,Merchant Settlement Delay,Negative
DSP-0299,CUST-6253,TXN-120337,2026-02-08,Card,Merchant Not Credited,24.29,Travel,Success,I paid successfully but the merchant has no confirmation.,Yes,Medium,Manual Review,Resolved,7,8,Yes,Merchant Support,18.22,Merchant Settlement Delay,Negative
DSP-0300,CUST-7084,TXN-586208,2026-01-09,Card,Unauthorised Transaction,62.36,Bills & Utilities,Success,I do not recognise this transaction and did not authorise it.,No,High,Manual Review,Open,10,15,Yes,Fraud Review,0,Customer Evidence Missing,Negative
DSP-0301,CUST-5078,TXN-503489,2026-04-24,Card,Chargeback Request,7.71,Food Delivery,Failed,The service was not provided and I want to raise a chargeback.,No,Medium,Manual Review,Open,10,3,No,Payment Operations,0,Customer Evidence Missing,Neutral
DSP-0302,CUST-5150,TXN-604605,2026-03-18,Card,APP Scam Claim,79.67,Food Delivery,Success,I believe I have been scammed through a bank transfer.,Yes,High,Manual Review,Resolved,10,15,Yes,Fraud Review,39.84,Fraud Indicator,Negative
DSP-0303,CUST-4982,TXN-109363,2026-01-11,Bank Transfer,Wrong Amount Debited,55.99,Transport,Success,The wrong amount was debited from my account. Please investigate.,No,Medium,Manual Review,Awaiting Evidence,5,4,No,Payment Operations,0,System Mapping Error,Neutral
DSP-0304,CUST-6824,TXN-775885,2026-02-09,Wallet,Unauthorised Transaction,19.86,Subscription,Pending,This payment was made without my permission.,No,High,Manual Review,Resolved,10,11,Yes,Fraud Review,14.89,Customer Evidence Missing,Negative
DSP-0305,CUST-3207,TXN-362874,2026-01-11,Bank Transfer,Refund Delay,15.06,Retail,Failed,The merchant said the refund was processed but I have not received it.,No,Medium,Manual Review,Awaiting Evidence,7,5,No,Refund Team,0,Merchant Settlement Delay,Neutral
DSP-0306,CUST-9702,TXN-262555,2026-04-26,Card,Duplicate Debit,55.93,Retail,Pending,There are two debits for one order. Please refund the duplicate amount.,Yes,Low,Eligible,Resolved,5,1,No,Refund Team,55.93,Duplicate Processing,Neutral
DSP-0307,CUST-2037,TXN-790266,2026-05-18,Wallet,Failed Payment,126.53,Retail,Failed,My payment of £126.53 failed but the money was debited.,Yes,Medium,Eligible,Resolved,5,5,No,Payment Operations,126.53,System Mapping Error,Neutral
DSP-0308,CUST-3926,TXN-132792,2026-02-21,Card,Failed Payment,29.42,Subscription,Failed,My payment of £29.42 failed but the money was debited.,Yes,Medium,Eligible,Resolved,5,7,Yes,Payment Operations,29.42,Bank Reversal Delay,Negative
DSP-0309,CUST-1214,TXN-318877,2026-05-06,Open Banking,Unauthorised Transaction,35.55,Travel,Failed,I do not recognise this transaction and did not authorise it.,No,High,Manual Review,Resolved,10,16,Yes,Fraud Review,0,Customer Evidence Missing,Negative
DSP-0310,CUST-5979,TXN-181721,2026-02-25,Open Banking,Failed Payment,81.54,Retail,Success,My payment of £81.54 failed but the money was debited.,Yes,Medium,Manual Review,Resolved,5,1,No,Payment Operations,81.54,System Mapping Error,Positive
DSP-0311,CUST-6864,TXN-807256,2026-04-28,Wallet,Refund Delay,46.86,E-commerce,Success,My refund of £46.86 is still pending after several days.,No,Medium,Manual Review,Resolved,7,14,Yes,Refund Team,0,Merchant Settlement Delay,Negative
DSP-0312,CUST-7755,TXN-901305,2026-04-21,Wallet,Duplicate Debit,17.6,Bills & Utilities,Failed,There are two debits for one order. Please refund the duplicate amount.,No,Medium,Manual Review,Resolved,5,6,Yes,Refund Team,0,Duplicate Processing,Negative
DSP-0313,CUST-7505,TXN-100205,2026-01-09,Open Banking,Merchant Not Credited,26.76,Retail,Success,The money left my account but the merchant says they did not receive it.,Yes,Medium,Manual Review,Resolved,7,10,Yes,Merchant Support,0,Gateway Timeout,Negative
DSP-0314,CUST-2544,TXN-139569,2026-04-28,Card,Failed Payment,25.44,Retail,Success,The transaction failed and I still cannot see my money returned.,Yes,Medium,Manual Review,Resolved,5,1,No,Payment Operations,0,System Mapping Error,Neutral
DSP-0315,CUST-8905,TXN-281301,2026-05-05,Wallet,Wrong Amount Debited,134.8,Subscription,Failed,I authorised a lower amount but a higher amount was taken.,Yes,Medium,Manual Review,Resolved,5,6,Yes,Payment Operations,101.1,Customer Input Error,Negative
DSP-0316,CUST-2974,TXN-907812,2026-02-28,Wallet,Unauthorised Transaction,49.59,Subscription,Success,This payment was made without my permission.,Yes,High,Manual Review,Resolved,10,11,Yes,Fraud Review,49.59,Fraud Indicator,Negative
DSP-0317,CUST-9269,TXN-194458,2026-02-26,Bank Transfer,Unauthorised Transaction,18.67,Bills & Utilities,Failed,This payment was made without my permission.,Yes,High,Manual Review,Resolved,10,10,No,Fraud Review,0,Customer Evidence Missing,Negative
DSP-0318,CUST-4245,TXN-611559,2026-04-12,Wallet,Failed Payment,76.7,Retail,Success,My payment of £76.70 failed but the money was debited.,Yes,Medium,Manual Review,Resolved,5,9,Yes,Payment Operations,0,Bank Reversal Delay,Negative
DSP-0319,CUST-2843,TXN-804378,2026-04-16,Bank Transfer,Refund Delay,21.25,Food Delivery,Failed,The merchant said the refund was processed but I have not received it.,Yes,Medium,Manual Review,Resolved,7,1,No,Refund Team,10.62,Merchant Settlement Delay,Neutral
DSP-0320,CUST-7124,TXN-263568,2026-01-22,Card,Failed Payment,14.43,Food Delivery,Success,My payment of £14.43 failed but the money was debited.,No,Medium,Manual Review,Resolved,5,2,No,Payment Operations,10.82,Gateway Timeout,Positive
DSP-0321,CUST-1301,TXN-494900,2026-05-30,Open Banking,Merchant Not Credited,27.68,Retail,Pending,The money left my account but the merchant says they did not receive it.,Yes,Medium,Manual Review,Resolved,7,1,No,Merchant Support,0,Merchant Settlement Delay,Positive
DSP-0322,CUST-1312,TXN-406703,2026-04-09,Card,Refund Delay,5.37,Subscription,Success,The merchant said the refund was processed but I have not received it.,Yes,Medium,Manual Review,Resolved,7,7,No,Refund Team,0,Merchant Settlement Delay,Neutral
DSP-0323,CUST-9673,TXN-419739,2026-03-27,Bank Transfer,Wrong Amount Debited,29.9,Subscription,Success,I authorised a lower amount but a higher amount was taken.,Yes,Medium,Manual Review,Open,5,10,Yes,Payment Operations,0,Customer Input Error,Negative
DSP-0324,CUST-4695,TXN-259077,2026-03-29,Open Banking,Merchant Not Credited,15.29,E-commerce,Failed,I paid successfully but the merchant has no confirmation.,Yes,Medium,Manual Review,Resolved,7,3,No,Merchant Support,0,Merchant Settlement Delay,Positive
DSP-0325,CUST-6395,TXN-570988,2026-05-19,Card,Merchant Not Credited,58.79,Retail,Pending,The money left my account but the merchant says they did not receive it.,Yes,Medium,Manual Review,Resolved,7,13,Yes,Merchant Support,0,Gateway Timeout,Negative
DSP-0326,CUST-3589,TXN-432918,2026-01-18,Bank Transfer,Chargeback Request,17.9,Retail,Failed,"The merchant refused refund, so I need a chargeback review.",No,Medium,Manual Review,In Review,10,5,No,Payment Operations,0,Customer Evidence Missing,Positive
DSP-0327,CUST-3489,TXN-916953,2026-02-18,Card,Failed Payment,108.45,Travel,Failed,The transaction failed and I still cannot see my money returned.,Yes,Medium,Eligible,Resolved,5,6,Yes,Payment Operations,108.45,System Mapping Error,Negative
DSP-0328,CUST-3196,TXN-626725,2026-05-01,Wallet,Refund Delay,111.02,Retail,Success,My refund of £111.02 is still pending after several days.,Yes,Medium,Manual Review,Resolved,7,10,Yes,Refund Team,83.27,Merchant Settlement Delay,Negative
DSP-0329,CUST-4646,TXN-878427,2026-02-21,Wallet,Failed Payment,115.54,Travel,Pending,The transaction failed and I still cannot see my money returned.,No,Medium,Manual Review,Resolved,5,8,Yes,Payment Operations,86.66,Bank Reversal Delay,Negative
DSP-0330,CUST-9784,TXN-650744,2026-01-10,Bank Transfer,Refund Delay,22.76,Subscription,Success,My refund of £22.76 is still pending after several days.,No,Medium,Manual Review,Resolved,7,9,Yes,Refund Team,17.07,Bank Reversal Delay,Negative
DSP-0331,CUST-8558,TXN-274573,2026-04-19,Card,APP Scam Claim,34.81,Food Delivery,Failed,I was tricked into sending money and need urgent help.,Yes,High,Manual Review,Resolved,10,15,Yes,Fraud Review,26.11,Manual Follow-up Delay,Negative
DSP-0332,CUST-3930,TXN-575718,2026-02-21,Open Banking,Failed Payment,19.49,E-commerce,Pending,My payment of £19.49 failed but the money was debited.,Yes,Medium,Manual Review,Resolved,5,4,No,Payment Operations,0,Gateway Timeout,Positive
DSP-0333,CUST-9582,TXN-841635,2026-04-09,Wallet,Chargeback Request,49.13,Subscription,Success,The service was not provided and I want to raise a chargeback.,No,Medium,Manual Review,Resolved,10,4,No,Payment Operations,0,Customer Evidence Missing,Neutral
DSP-0334,CUST-7874,TXN-423026,2026-03-21,Wallet,Chargeback Request,27.77,Retail,Pending,"The merchant refused refund, so I need a chargeback review.",Yes,Medium,Manual Review,Resolved,10,4,No,Payment Operations,20.83,Customer Evidence Missing,Neutral
DSP-0335,CUST-4897,TXN-327408,2026-05-31,Wallet,Refund Delay,32.7,Food Delivery,Success,The merchant said the refund was processed but I have not received it.,Yes,Medium,Manual Review,Resolved,7,2,No,Refund Team,16.35,Manual Follow-up Delay,Positive
DSP-0336,CUST-3381,TXN-995304,2026-01-09,Wallet,Unauthorised Transaction,13.09,Retail,Success,I do not recognise this transaction and did not authorise it.,Yes,High,Manual Review,Resolved,10,6,No,Fraud Review,0,Manual Follow-up Delay,Negative
DSP-0337,CUST-8460,TXN-885734,2026-05-29,Card,Failed Payment,72.11,Bills & Utilities,Pending,The transaction failed and I still cannot see my money returned.,No,Medium,Manual Review,Resolved,5,12,Yes,Payment Operations,0,System Mapping Error,Negative
DSP-0338,CUST-9635,TXN-533856,2026-05-15,Card,Duplicate Debit,9,E-commerce,Failed,There are two debits for one order. Please refund the duplicate amount.,Yes,Low,Eligible,Resolved,5,4,No,Refund Team,9,Duplicate Processing,Positive
DSP-0339,CUST-6185,TXN-372273,2026-05-15,Bank Transfer,Merchant Not Credited,203.3,Bills & Utilities,Failed,The money left my account but the merchant says they did not receive it.,Yes,Medium,Manual Review,Resolved,7,10,Yes,Merchant Support,101.65,Incorrect Merchant Reference,Negative
DSP-0340,CUST-2936,TXN-125151,2026-04-30,Bank Transfer,Failed Payment,140.02,Travel,Success,My payment of £140.02 failed but the money was debited.,No,Medium,Manual Review,Resolved,5,3,No,Payment Operations,105.02,Gateway Timeout,Positive
DSP-0341,CUST-6042,TXN-414870,2026-05-10,Bank Transfer,Unauthorised Transaction,17.38,Bills & Utilities,Failed,This payment was made without my permission.,No,High,Manual Review,Awaiting Evidence,10,11,Yes,Fraud Review,0,Fraud Indicator,Negative
DSP-0342,CUST-8774,TXN-935981,2026-01-10,Wallet,Refund Delay,225.51,Subscription,Pending,My refund of £225.51 is still pending after several days.,Yes,Medium,Manual Review,Open,7,4,No,Refund Team,0,Merchant Settlement Delay,Positive
DSP-0343,CUST-9779,TXN-119627,2026-02-23,Bank Transfer,Refund Delay,85.79,Bills & Utilities,Failed,My refund of £85.79 is still pending after several days.,No,Medium,Manual Review,Resolved,7,7,No,Refund Team,0,Manual Follow-up Delay,Positive
DSP-0344,CUST-1518,TXN-384685,2026-04-16,Card,APP Scam Claim,13.49,Travel,Success,I was tricked into sending money and need urgent help.,Yes,High,Manual Review,Resolved,10,9,No,Fraud Review,6.75,Fraud Indicator,Negative
DSP-0345,CUST-8270,TXN-630573,2026-01-07,Wallet,APP Scam Claim,18.83,Bills & Utilities,Failed,I was tricked into sending money and need urgent help.,No,High,Manual Review,Awaiting Evidence,10,14,Yes,Fraud Review,0,Customer Evidence Missing,Negative
DSP-0346,CUST-4361,TXN-859767,2026-01-10,Bank Transfer,Wrong Amount Debited,41.79,Food Delivery,Failed,The wrong amount was debited from my account. Please investigate.,Yes,Medium,Manual Review,Resolved,5,10,Yes,Payment Operations,0,System Mapping Error,Negative
DSP-0347,CUST-9529,TXN-903398,2026-03-21,Card,Unauthorised Transaction,52.26,Retail,Success,I do not recognise this transaction and did not authorise it.,Yes,High,Manual Review,Resolved,10,11,Yes,Fraud Review,26.13,Customer Evidence Missing,Negative
DSP-0348,CUST-9422,TXN-207348,2026-02-22,Bank Transfer,Merchant Not Credited,114.53,Retail,Success,The money left my account but the merchant says they did not receive it.,Yes,Medium,Manual Review,Resolved,7,3,No,Merchant Support,57.27,Incorrect Merchant Reference,Positive
DSP-0349,CUST-2735,TXN-502233,2026-01-14,Card,Refund Delay,74.39,Bills & Utilities,Failed,The merchant said the refund was processed but I have not received it.,Yes,Medium,Manual Review,Resolved,7,4,No,Refund Team,0,Bank Reversal Delay,Positive
DSP-0350,CUST-2522,TXN-952336,2026-04-30,Card,Duplicate Debit,99.67,Bills & Utilities,Success,There are two debits for one order. Please refund the duplicate amount.,No,Low,Eligible,Awaiting Evidence,5,1,No,Refund Team,0,Duplicate Processing,Positive
DSP-0351,CUST-7423,TXN-292259,2026-03-26,Wallet,APP Scam Claim,37.7,Bills & Utilities,Success,I was tricked into sending money and need urgent help.,Yes,High,Manual Review,Resolved,10,10,No,Fraud Review,28.28,Fraud Indicator,Negative
DSP-0352,CUST-6339,TXN-683165,2026-01-19,Wallet,Merchant Not Credited,31.61,Subscription,Success,I paid successfully but the merchant has no confirmation.,Yes,Medium,Manual Review,Resolved,7,10,Yes,Merchant Support,31.61,Incorrect Merchant Reference,Negative
DSP-0353,CUST-8132,TXN-694764,2026-03-29,Bank Transfer,Duplicate Debit,52.31,E-commerce,Failed,I was charged twice for the same payment of £52.31.,Yes,Low,Eligible,Resolved,5,1,No,Refund Team,52.31,Duplicate Processing,Positive
DSP-0354,CUST-6046,TXN-525505,2026-01-18,Bank Transfer,Wrong Amount Debited,88.27,Travel,Failed,The wrong amount was debited from my account. Please investigate.,Yes,Medium,Manual Review,Resolved,5,4,No,Payment Operations,88.27,System Mapping Error,Neutral
DSP-0355,CUST-3444,TXN-574978,2026-05-17,Card,Merchant Not Credited,36.71,Travel,Success,I paid successfully but the merchant has no confirmation.,No,Medium,Manual Review,Resolved,7,8,Yes,Merchant Support,0,Gateway Timeout,Negative
DSP-0356,CUST-2462,TXN-711033,2026-01-03,Bank Transfer,Merchant Not Credited,18.3,Food Delivery,Success,I paid successfully but the merchant has no confirmation.,Yes,Medium,Manual Review,Resolved,7,14,Yes,Merchant Support,0,Incorrect Merchant Reference,Negative
DSP-0357,CUST-7251,TXN-556329,2026-05-20,Card,Failed Payment,12.38,Transport,Pending,My payment of £12.38 failed but the money was debited.,No,Medium,Manual Review,Resolved,5,7,Yes,Payment Operations,12.38,Gateway Timeout,Negative
DSP-0358,CUST-3359,TXN-856379,2026-05-05,Wallet,Chargeback Request,21.85,Transport,Success,"The merchant refused refund, so I need a chargeback review.",Yes,Medium,Manual Review,Resolved,10,11,Yes,Payment Operations,10.93,Manual Follow-up Delay,Negative
DSP-0359,CUST-9346,TXN-544726,2026-05-22,Wallet,Refund Delay,20.18,Food Delivery,Failed,My refund of £20.18 is still pending after several days.,No,Medium,Manual Review,Awaiting Evidence,7,8,Yes,Refund Team,0,Bank Reversal Delay,Negative
DSP-0360,CUST-1548,TXN-139704,2026-05-26,Bank Transfer,Refund Delay,861.86,Food Delivery,Success,The merchant said the refund was processed but I have not received it.,No,High,Manual Review,Resolved,7,9,Yes,Refund Team,861.86,Merchant Settlement Delay,Negative
DSP-0361,CUST-5017,TXN-595401,2026-01-20,Wallet,Merchant Not Credited,54.6,Travel,Failed,The money left my account but the merchant says they did not receive it.,Yes,Medium,Manual Review,Resolved,7,4,No,Merchant Support,40.95,Incorrect Merchant Reference,Positive
DSP-0362,CUST-1578,TXN-828813,2026-03-19,Wallet,Merchant Not Credited,12.01,Retail,Failed,I paid successfully but the merchant has no confirmation.,No,Medium,Manual Review,Awaiting Evidence,7,7,No,Merchant Support,0,Incorrect Merchant Reference,Neutral
DSP-0363,CUST-8942,TXN-186518,2026-02-02,Bank Transfer,APP Scam Claim,27.84,Travel,Success,I believe I have been scammed through a bank transfer.,Yes,High,Manual Review,Resolved,10,12,Yes,Fraud Review,20.88,Manual Follow-up Delay,Negative
DSP-0364,CUST-3873,TXN-373943,2026-03-02,Bank Transfer,Unauthorised Transaction,90.31,Food Delivery,Pending,This payment was made without my permission.,Yes,High,Manual Review,In Review,10,12,Yes,Fraud Review,0,Fraud Indicator,Negative
DSP-0365,CUST-4898,TXN-792759,2026-04-23,Wallet,Failed Payment,82.84,Food Delivery,Failed,My payment of £82.84 failed but the money was debited.,No,Medium,Manual Review,Resolved,5,12,Yes,Payment Operations,82.84,Gateway Timeout,Negative
DSP-0366,CUST-7222,TXN-816712,2026-04-10,Bank Transfer,Failed Payment,125.24,E-commerce,Success,The transaction failed and I still cannot see my money returned.,Yes,Medium,Manual Review,Resolved,5,7,Yes,Payment Operations,93.93,Gateway Timeout,Negative
DSP-0367,CUST-5466,TXN-451238,2026-03-11,Card,Failed Payment,58.54,Transport,Failed,The transaction failed and I still cannot see my money returned.,Yes,Medium,Eligible,Resolved,5,4,No,Payment Operations,58.54,System Mapping Error,Neutral
DSP-0368,CUST-9972,TXN-111091,2026-01-03,Wallet,Failed Payment,36.56,Travel,Success,My payment of £36.56 failed but the money was debited.,Yes,Medium,Manual Review,Resolved,5,4,No,Payment Operations,0,System Mapping Error,Neutral
DSP-0369,CUST-2965,TXN-190582,2026-02-03,Card,Unauthorised Transaction,121.02,Retail,Pending,This payment was made without my permission.,Yes,High,Manual Review,Resolved,10,9,No,Fraud Review,90.77,Customer Evidence Missing,Negative
DSP-0370,CUST-6298,TXN-369836,2026-02-11,Wallet,Duplicate Debit,14.24,Food Delivery,Success,There are two debits for one order. Please refund the duplicate amount.,No,Medium,Manual Review,Resolved,5,13,Yes,Refund Team,7.12,Duplicate Processing,Negative
DSP-0371,CUST-3923,TXN-776838,2026-05-06,Card,Merchant Not Credited,31.2,Food Delivery,Pending,The money left my account but the merchant says they did not receive it.,Yes,Medium,Manual Review,Resolved,7,9,Yes,Merchant Support,0,Merchant Settlement Delay,Negative
DSP-0372,CUST-9154,TXN-256085,2026-01-01,Open Banking,Merchant Not Credited,12.99,Bills & Utilities,Failed,The money left my account but the merchant says they did not receive it.,Yes,Medium,Manual Review,Resolved,7,8,Yes,Merchant Support,12.99,Incorrect Merchant Reference,Negative
DSP-0373,CUST-9849,TXN-336817,2026-01-01,Card,Wrong Amount Debited,64.35,Subscription,Pending,I authorised a lower amount but a higher amount was taken.,Yes,Medium,Manual Review,Open,5,2,No,Payment Operations,0,Customer Input Error,Positive
DSP-0374,CUST-2318,TXN-982042,2026-04-28,Wallet,Duplicate Debit,15.31,Bills & Utilities,Failed,There are two debits for one order. Please refund the duplicate amount.,Yes,Low,Eligible,Resolved,5,5,No,Refund Team,15.31,Duplicate Processing,Neutral
DSP-0375,CUST-8970,TXN-188984,2026-04-23,Wallet,Failed Payment,8.19,Subscription,Success,My payment of £8.19 failed but the money was debited.,Yes,Medium,Manual Review,In Review,5,3,No,Payment Operations,0,System Mapping Error,Neutral
DSP-0376,CUST-6558,TXN-158777,2026-03-28,Wallet,Failed Payment,63.46,E-commerce,Pending,My payment of £63.46 failed but the money was debited.,Yes,Medium,Manual Review,Resolved,5,3,No,Payment Operations,0,System Mapping Error,Neutral
DSP-0377,CUST-9010,TXN-785592,2026-01-05,Bank Transfer,APP Scam Claim,21.1,Food Delivery,Pending,I was tricked into sending money and need urgent help.,No,High,Manual Review,Resolved,10,12,Yes,Fraud Review,21.1,Fraud Indicator,Negative
DSP-0378,CUST-2033,TXN-943530,2026-02-21,Bank Transfer,Unauthorised Transaction,45.99,Transport,Pending,This payment was made without my permission.,Yes,High,Manual Review,Resolved,10,11,Yes,Fraud Review,23,Fraud Indicator,Negative
DSP-0379,CUST-3314,TXN-894348,2026-04-17,Card,Refund Delay,21.2,Subscription,Success,The merchant said the refund was processed but I have not received it.,Yes,Medium,Manual Review,Resolved,7,2,No,Refund Team,10.6,Manual Follow-up Delay,Neutral
DSP-0380,CUST-2460,TXN-841071,2026-03-14,Card,Unauthorised Transaction,147.22,Retail,Success,I do not recognise this transaction and did not authorise it.,Yes,High,Manual Review,Resolved,10,7,No,Fraud Review,0,Customer Evidence Missing,Negative
DSP-0381,CUST-3949,TXN-852037,2026-05-08,Bank Transfer,Failed Payment,79.94,Bills & Utilities,Success,My payment of £79.94 failed but the money was debited.,Yes,Medium,Manual Review,Resolved,5,14,Yes,Payment Operations,0,Gateway Timeout,Negative
DSP-0382,CUST-8605,TXN-907750,2026-02-23,Card,Failed Payment,159.84,Bills & Utilities,Failed,The transaction failed and I still cannot see my money returned.,Yes,Medium,Eligible,Resolved,5,5,No,Payment Operations,159.84,Gateway Timeout,Positive
DSP-0383,CUST-4433,TXN-555786,2026-03-06,Card,Unauthorised Transaction,39.46,Retail,Failed,I do not recognise this transaction and did not authorise it.,Yes,High,Manual Review,Open,10,6,No,Fraud Review,0,Customer Evidence Missing,Negative
DSP-0384,CUST-6343,TXN-338846,2026-01-26,Card,Refund Delay,9.04,Food Delivery,Pending,My refund of £9.04 is still pending after several days.,Yes,Medium,Manual Review,Resolved,7,8,Yes,Refund Team,4.52,Manual Follow-up Delay,Negative
DSP-0385,CUST-4181,TXN-762722,2026-04-02,Open Banking,Duplicate Debit,6.92,Food Delivery,Success,There are two debits for one order. Please refund the duplicate amount.,Yes,Low,Eligible,Resolved,5,1,No,Refund Team,6.92,Duplicate Processing,Neutral
DSP-0386,CUST-3568,TXN-927899,2026-02-13,Bank Transfer,Merchant Not Credited,20.7,Subscription,Failed,I paid successfully but the merchant has no confirmation.,No,Medium,Manual Review,Resolved,7,11,Yes,Merchant Support,10.35,Gateway Timeout,Negative
DSP-0387,CUST-5041,TXN-359870,2026-03-25,Bank Transfer,Duplicate Debit,35.68,Bills & Utilities,Failed,There are two debits for one order. Please refund the duplicate amount.,No,Low,Eligible,Awaiting Evidence,5,1,No,Refund Team,0,Duplicate Processing,Neutral
DSP-0388,CUST-9114,TXN-352194,2026-01-22,Bank Transfer,Failed Payment,18.91,E-commerce,Pending,My payment of £18.91 failed but the money was debited.,Yes,Medium,Manual Review,Resolved,5,7,Yes,Payment Operations,0,System Mapping Error,Negative
DSP-0389,CUST-8452,TXN-586288,2026-02-05,Open Banking,Refund Delay,79.15,Bills & Utilities,Failed,My refund of £79.15 is still pending after several days.,Yes,Medium,Manual Review,Resolved,7,11,Yes,Refund Team,59.36,Manual Follow-up Delay,Negative
DSP-0390,CUST-9887,TXN-703171,2026-02-23,Wallet,Failed Payment,392.87,Food Delivery,Success,My payment of £392.87 failed but the money was debited.,Yes,Medium,Manual Review,Resolved,5,8,Yes,Payment Operations,392.87,Gateway Timeout,Negative
DSP-0391,CUST-4354,TXN-245129,2026-03-27,Card,Failed Payment,24.16,Subscription,Pending,The transaction failed and I still cannot see my money returned.,No,Medium,Manual Review,Awaiting Evidence,5,6,Yes,Payment Operations,0,System Mapping Error,Negative
DSP-0392,CUST-5540,TXN-157105,2026-01-17,Card,Refund Delay,40.95,Bills & Utilities,Failed,The merchant said the refund was processed but I have not received it.,Yes,Medium,Manual Review,In Review,7,3,No,Refund Team,0,Manual Follow-up Delay,Positive
DSP-0393,CUST-4085,TXN-580115,2026-01-23,Card,APP Scam Claim,18.42,E-commerce,Success,I was tricked into sending money and need urgent help.,Yes,High,Manual Review,Resolved,10,6,No,Fraud Review,0,Fraud Indicator,Negative
DSP-0394,CUST-8764,TXN-463541,2026-04-18,Bank Transfer,Merchant Not Credited,29.24,Transport,Pending,I paid successfully but the merchant has no confirmation.,No,Medium,Manual Review,Resolved,7,10,Yes,Merchant Support,21.93,Gateway Timeout,Negative
DSP-0395,CUST-8965,TXN-722180,2026-05-16,Open Banking,Refund Delay,29.1,Transport,Success,My refund of £29.10 is still pending after several days.,No,Medium,Manual Review,Resolved,7,1,No,Refund Team,21.83,Bank Reversal Delay,Positive
DSP-0396,CUST-3725,TXN-748680,2026-02-11,Wallet,Duplicate Debit,93.96,Retail,Success,There are two debits for one order. Please refund the duplicate amount.,No,Low,Eligible,Awaiting Evidence,5,3,No,Refund Team,0,Duplicate Processing,Neutral
DSP-0397,CUST-5266,TXN-487629,2026-02-17,Card,Wrong Amount Debited,15.95,Retail,Failed,The wrong amount was debited from my account. Please investigate.,Yes,Medium,Manual Review,Resolved,5,3,No,Payment Operations,11.96,System Mapping Error,Neutral
DSP-0398,CUST-9948,TXN-632056,2026-03-26,Wallet,Duplicate Debit,136.21,E-commerce,Pending,I was charged twice for the same payment of £136.21.,Yes,Low,Eligible,Resolved,5,4,No,Refund Team,136.21,Duplicate Processing,Positive
DSP-0399,CUST-3284,TXN-810943,2026-05-22,Card,Failed Payment,50.39,Travel,Success,My payment of £50.39 failed but the money was debited.,Yes,Medium,Manual Review,In Review,5,7,Yes,Payment Operations,0,System Mapping Error,Negative
DSP-0400,CUST-1369,TXN-187649,2026-05-18,Open Banking,Wrong Amount Debited,29.9,Subscription,Failed,I authorised a lower amount but a higher amount was taken.,No,Medium,Manual Review,Resolved,5,12,Yes,Payment Operations,0,Customer Input Error,Negative
DSP-0401,CUST-7056,TXN-504868,2026-04-06,Card,Refund Delay,24.42,Subscription,Success,My refund of £24.42 is still pending after several days.,No,Medium,Manual Review,Resolved,7,8,Yes,Refund Team,24.42,Merchant Settlement Delay,Negative
DSP-0402,CUST-7786,TXN-246347,2026-05-31,Bank Transfer,Failed Payment,42.76,Subscription,Failed,The transaction failed and I still cannot see my money returned.,Yes,Medium,Eligible,Resolved,5,2,No,Payment Operations,42.76,Bank Reversal Delay,Positive
DSP-0403,CUST-3865,TXN-682813,2026-04-29,Wallet,Unauthorised Transaction,21.11,Bills & Utilities,Success,I do not recognise this transaction and did not authorise it.,Yes,High,Manual Review,Resolved,10,12,Yes,Fraud Review,10.55,Customer Evidence Missing,Negative
DSP-0404,CUST-3523,TXN-375436,2026-03-18,Open Banking,Unauthorised Transaction,36.03,Travel,Success,This payment was made without my permission.,Yes,High,Manual Review,Resolved,10,8,No,Fraud Review,27.02,Manual Follow-up Delay,Negative
DSP-0405,CUST-2093,TXN-727983,2026-04-03,Bank Transfer,Merchant Not Credited,171.38,Bills & Utilities,Pending,The money left my account but the merchant says they did not receive it.,No,Medium,Manual Review,Open,7,7,No,Merchant Support,0,Incorrect Merchant Reference,Neutral
DSP-0406,CUST-6237,TXN-583439,2026-02-04,Card,Failed Payment,23.18,Travel,Success,My payment of £23.18 failed but the money was debited.,No,Medium,Manual Review,Awaiting Evidence,5,5,No,Payment Operations,0,System Mapping Error,Neutral
DSP-0407,CUST-2548,TXN-727847,2026-02-12,Bank Transfer,APP Scam Claim,183.6,Travel,Success,I was tricked into sending money and need urgent help.,Yes,High,Manual Review,Open,10,14,Yes,Fraud Review,0,Customer Evidence Missing,Negative
DSP-0408,CUST-9489,TXN-395087,2026-04-06,Wallet,Refund Delay,17.67,Transport,Success,The merchant said the refund was processed but I have not received it.,No,Medium,Manual Review,Resolved,7,11,Yes,Refund Team,0,Manual Follow-up Delay,Negative
DSP-0409,CUST-7837,TXN-582860,2026-01-20,Card,Failed Payment,13.74,E-commerce,Success,My payment of £13.74 failed but the money was debited.,No,Medium,Manual Review,Resolved,5,1,No,Payment Operations,13.74,System Mapping Error,Neutral
DSP-0410,CUST-3108,TXN-998435,2026-02-06,Wallet,Duplicate Debit,25.46,Food Delivery,Success,I was charged twice for the same payment of £25.46.,No,Medium,Manual Review,Resolved,5,7,Yes,Refund Team,12.73,Duplicate Processing,Negative
DSP-0411,CUST-9412,TXN-721990,2026-01-16,Bank Transfer,APP Scam Claim,15.59,Food Delivery,Failed,I was tricked into sending money and need urgent help.,No,High,Manual Review,Resolved,10,15,Yes,Fraud Review,7.79,Manual Follow-up Delay,Negative
DSP-0412,CUST-5544,TXN-707913,2026-03-31,Card,APP Scam Claim,116.5,Subscription,Failed,I was tricked into sending money and need urgent help.,Yes,High,Manual Review,Resolved,10,17,Yes,Fraud Review,116.5,Manual Follow-up Delay,Negative
DSP-0413,CUST-5617,TXN-280117,2026-05-18,Card,Wrong Amount Debited,107.25,E-commerce,Failed,I authorised a lower amount but a higher amount was taken.,Yes,Medium,Manual Review,Resolved,5,7,Yes,Payment Operations,53.62,System Mapping Error,Negative
DSP-0414,CUST-2848,TXN-898395,2026-03-22,Card,Failed Payment,79.37,Food Delivery,Success,The transaction failed and I still cannot see my money returned.,Yes,Medium,Manual Review,Resolved,5,8,Yes,Payment Operations,0,Bank Reversal Delay,Negative
DSP-0415,CUST-8273,TXN-336845,2026-05-22,Card,Chargeback Request,19.43,Transport,Pending,The service was not provided and I want to raise a chargeback.,No,Medium,Manual Review,Resolved,10,13,Yes,Payment Operations,14.57,Customer Evidence Missing,Negative
DSP-0416,CUST-2953,TXN-250331,2026-04-12,Card,Merchant Not Credited,115.32,Subscription,Pending,I paid successfully but the merchant has no confirmation.,No,Medium,Manual Review,Awaiting Evidence,7,17,Yes,Merchant Support,0,Merchant Settlement Delay,Negative
DSP-0417,CUST-5563,TXN-901968,2026-05-29,Bank Transfer,Unauthorised Transaction,21.55,Bills & Utilities,Pending,I do not recognise this transaction and did not authorise it.,Yes,High,Manual Review,Resolved,10,11,Yes,Fraud Review,21.55,Fraud Indicator,Negative
DSP-0418,CUST-1486,TXN-204441,2026-01-14,Wallet,Refund Delay,50.73,Travel,Failed,The merchant said the refund was processed but I have not received it.,Yes,Medium,Manual Review,Resolved,7,4,No,Refund Team,38.05,Bank Reversal Delay,Positive
DSP-0419,CUST-5809,TXN-794255,2026-05-08,Bank Transfer,Duplicate Debit,7.96,Subscription,Success,There are two debits for one order. Please refund the duplicate amount.,No,Medium,Manual Review,Resolved,5,15,Yes,Refund Team,5.97,Duplicate Processing,Negative
DSP-0420,CUST-8531,TXN-137728,2026-01-09,Card,Merchant Not Credited,17.11,Travel,Failed,I paid successfully but the merchant has no confirmation.,Yes,Medium,Manual Review,Resolved,7,7,No,Merchant Support,17.11,Merchant Settlement Delay,Positive
DSP-0421,CUST-3560,TXN-631297,2026-01-15,Card,Refund Delay,30.9,Food Delivery,Success,My refund of £30.90 is still pending after several days.,Yes,Medium,Manual Review,Resolved,7,1,No,Refund Team,23.17,Manual Follow-up Delay,Positive
DSP-0422,CUST-7749,TXN-468332,2026-01-15,Wallet,Duplicate Debit,68.71,E-commerce,Success,There are two debits for one order. Please refund the duplicate amount.,Yes,Low,Eligible,Resolved,5,1,No,Refund Team,68.71,Duplicate Processing,Neutral
DSP-0423,CUST-1612,TXN-583298,2026-04-19,Bank Transfer,APP Scam Claim,13.21,Subscription,Success,I was tricked into sending money and need urgent help.,Yes,High,Manual Review,Open,10,7,No,Fraud Review,0,Manual Follow-up Delay,Negative
DSP-0424,CUST-6504,TXN-620860,2026-05-09,Wallet,Merchant Not Credited,20.21,Bills & Utilities,Success,The money left my account but the merchant says they did not receive it.,No,Medium,Manual Review,Awaiting Evidence,7,10,Yes,Merchant Support,0,Merchant Settlement Delay,Negative
DSP-0425,CUST-5708,TXN-378035,2026-01-13,Card,Merchant Not Credited,132.04,Food Delivery,Failed,The money left my account but the merchant says they did not receive it.,Yes,Medium,Manual Review,In Review,7,7,No,Merchant Support,0,Gateway Timeout,Positive
DSP-0426,CUST-6690,TXN-934301,2026-01-20,Wallet,Duplicate Debit,88.41,Subscription,Success,I was charged twice for the same payment of £88.41.,Yes,Low,Eligible,Resolved,5,3,No,Refund Team,88.41,Duplicate Processing,Positive
DSP-0427,CUST-1304,TXN-758342,2026-05-13,Open Banking,Merchant Not Credited,78.49,E-commerce,Failed,The money left my account but the merchant says they did not receive it.,Yes,Medium,Manual Review,Resolved,7,12,Yes,Merchant Support,58.87,Incorrect Merchant Reference,Negative
DSP-0428,CUST-4938,TXN-257782,2026-03-18,Open Banking,Refund Delay,143.72,Travel,Pending,The merchant said the refund was processed but I have not received it.,Yes,Medium,Manual Review,Resolved,7,4,No,Refund Team,71.86,Merchant Settlement Delay,Neutral
DSP-0429,CUST-4144,TXN-129049,2026-03-04,Wallet,Duplicate Debit,5,Bills & Utilities,Failed,I was charged twice for the same payment of £5.00.,Yes,Low,Eligible,Resolved,5,3,No,Refund Team,5,Duplicate Processing,Positive
DSP-0430,CUST-1691,TXN-857568,2026-05-05,Wallet,Failed Payment,93.95,Travel,Pending,My payment of £93.95 failed but the money was debited.,No,Medium,Manual Review,Awaiting Evidence,5,10,Yes,Payment Operations,0,Bank Reversal Delay,Negative
DSP-0431,CUST-7502,TXN-980605,2026-02-05,Card,Merchant Not Credited,40.46,E-commerce,Pending,I paid successfully but the merchant has no confirmation.,No,Medium,Manual Review,Resolved,7,10,Yes,Merchant Support,30.34,Gateway Timeout,Negative
DSP-0432,CUST-7388,TXN-944986,2026-03-02,Open Banking,Duplicate Debit,19.5,Travel,Success,There are two debits for one order. Please refund the duplicate amount.,Yes,Low,Eligible,Resolved,5,9,Yes,Refund Team,19.5,Duplicate Processing,Negative
DSP-0433,CUST-9740,TXN-492906,2026-01-29,Card,Refund Delay,20.03,Transport,Success,The merchant said the refund was processed but I have not received it.,Yes,Medium,Manual Review,Open,7,10,Yes,Refund Team,0,Manual Follow-up Delay,Negative
DSP-0434,CUST-5144,TXN-679577,2026-04-09,Card,Chargeback Request,13.94,Food Delivery,Failed,"The merchant refused refund, so I need a chargeback review.",Yes,Medium,Manual Review,Resolved,10,7,No,Payment Operations,0,Customer Evidence Missing,Positive
DSP-0435,CUST-5929,TXN-194634,2026-03-02,Card,APP Scam Claim,16.73,Travel,Pending,I believe I have been scammed through a bank transfer.,No,High,Manual Review,Resolved,10,14,Yes,Fraud Review,0,Customer Evidence Missing,Negative
DSP-0436,CUST-6451,TXN-852233,2026-04-19,Open Banking,Unauthorised Transaction,194.2,Subscription,Success,This payment was made without my permission.,No,High,Manual Review,Awaiting Evidence,10,8,No,Fraud Review,0,Manual Follow-up Delay,Negative
DSP-0437,CUST-8426,TXN-828980,2026-01-08,Wallet,Merchant Not Credited,17.66,E-commerce,Success,I paid successfully but the merchant has no confirmation.,Yes,Medium,Manual Review,Resolved,7,6,No,Merchant Support,17.66,Gateway Timeout,Neutral
DSP-0438,CUST-6233,TXN-573421,2026-05-03,Open Banking,Failed Payment,12.55,Travel,Pending,My payment of £12.55 failed but the money was debited.,Yes,Medium,Manual Review,Resolved,5,9,Yes,Payment Operations,9.41,Bank Reversal Delay,Negative
DSP-0439,CUST-1339,TXN-124085,2026-05-23,Wallet,Merchant Not Credited,9.27,Retail,Success,The money left my account but the merchant says they did not receive it.,Yes,Medium,Manual Review,Resolved,7,7,No,Merchant Support,0,Gateway Timeout,Neutral
DSP-0440,CUST-9615,TXN-556297,2026-04-27,Wallet,Refund Delay,24.43,Transport,Pending,My refund of £24.43 is still pending after several days.,Yes,Medium,Manual Review,Resolved,7,7,No,Refund Team,12.21,Manual Follow-up Delay,Neutral
DSP-0441,CUST-4102,TXN-538651,2026-02-16,Card,Failed Payment,26.72,Subscription,Success,My payment of £26.72 failed but the money was debited.,Yes,Medium,Manual Review,Resolved,5,4,No,Payment Operations,20.04,System Mapping Error,Positive
DSP-0442,CUST-7283,TXN-842866,2026-04-19,Wallet,Duplicate Debit,29.41,Travel,Pending,I was charged twice for the same payment of £29.41.,No,Medium,Manual Review,Awaiting Evidence,5,5,No,Refund Team,0,Duplicate Processing,Neutral
DSP-0443,CUST-5155,TXN-629050,2026-04-08,Card,Refund Delay,49.75,Travel,Success,The merchant said the refund was processed but I have not received it.,Yes,Medium,Manual Review,Resolved,7,7,No,Refund Team,24.88,Merchant Settlement Delay,Positive
DSP-0444,CUST-6132,TXN-146307,2026-02-02,Bank Transfer,Chargeback Request,24.55,Bills & Utilities,Success,"The merchant refused refund, so I need a chargeback review.",No,Medium,Manual Review,In Review,10,7,No,Payment Operations,0,Manual Follow-up Delay,Positive
DSP-0445,CUST-3703,TXN-430870,2026-05-06,Wallet,Failed Payment,181.76,Transport,Success,The transaction failed and I still cannot see my money returned.,Yes,Medium,Manual Review,Resolved,5,6,Yes,Payment Operations,0,Gateway Timeout,Negative
DSP-0446,CUST-2900,TXN-618951,2026-01-11,Bank Transfer,Chargeback Request,47.64,Food Delivery,Pending,The service was not provided and I want to raise a chargeback.,No,Medium,Manual Review,Resolved,10,9,No,Payment Operations,35.73,Merchant Settlement Delay,Negative
DSP-0447,CUST-3757,TXN-886365,2026-05-11,Wallet,Merchant Not Credited,54.71,Food Delivery,Failed,The money left my account but the merchant says they did not receive it.,Yes,Medium,Manual Review,Resolved,7,9,Yes,Merchant Support,41.03,Incorrect Merchant Reference,Negative
DSP-0448,CUST-5657,TXN-814407,2026-02-01,Card,Merchant Not Credited,166.73,Bills & Utilities,Failed,I paid successfully but the merchant has no confirmation.,Yes,Medium,Manual Review,Resolved,7,6,No,Merchant Support,0,Gateway Timeout,Positive
DSP-0449,CUST-3118,TXN-321634,2026-01-13,Wallet,Duplicate Debit,220.73,Subscription,Pending,I was charged twice for the same payment of £220.73.,Yes,Low,Eligible,In Review,5,1,No,Refund Team,0,Duplicate Processing,Neutral
DSP-0450,CUST-4411,TXN-270855,2026-04-10,Wallet,Duplicate Debit,117.28,Food Delivery,Success,I was charged twice for the same payment of £117.28.,No,Medium,Manual Review,Resolved,5,10,Yes,Refund Team,0,Duplicate Processing,Negative
DSP-0451,CUST-6882,TXN-797848,2026-01-25,Wallet,Merchant Not Credited,35.44,Bills & Utilities,Success,The money left my account but the merchant says they did not receive it.,Yes,Medium,Manual Review,Resolved,7,8,Yes,Merchant Support,26.58,Merchant Settlement Delay,Negative
DSP-0452,CUST-1662,TXN-638277,2026-03-29,Open Banking,Wrong Amount Debited,85.77,Bills & Utilities,Failed,The wrong amount was debited from my account. Please investigate.,Yes,Medium,Manual Review,Resolved,5,1,No,Payment Operations,64.33,System Mapping Error,Positive
DSP-0453,CUST-3093,TXN-817555,2026-03-18,Open Banking,Merchant Not Credited,29.57,Food Delivery,Pending,I paid successfully but the merchant has no confirmation.,Yes,Medium,Manual Review,Resolved,7,6,No,Merchant Support,0,Gateway Timeout,Positive
DSP-0454,CUST-5175,TXN-714012,2026-01-21,Wallet,Failed Payment,77.71,Transport,Success,The transaction failed and I still cannot see my money returned.,Yes,Medium,Manual Review,Resolved,5,6,Yes,Payment Operations,0,Gateway Timeout,Negative
DSP-0455,CUST-8454,TXN-894143,2026-04-26,Bank Transfer,Duplicate Debit,23.11,E-commerce,Pending,I was charged twice for the same payment of £23.11.,Yes,Low,Eligible,Resolved,5,1,No,Refund Team,23.11,Duplicate Processing,Positive
DSP-0456,CUST-1217,TXN-280077,2026-05-03,Bank Transfer,Refund Delay,99.41,E-commerce,Failed,My refund of £99.41 is still pending after several days.,Yes,Medium,Manual Review,Resolved,7,3,No,Refund Team,0,Manual Follow-up Delay,Positive
DSP-0457,CUST-2435,TXN-231165,2026-02-04,Card,Failed Payment,78.42,E-commerce,Success,My payment of £78.42 failed but the money was debited.,Yes,Medium,Manual Review,Resolved,5,8,Yes,Payment Operations,0,System Mapping Error,Negative
DSP-0458,CUST-8765,TXN-542372,2026-01-06,Card,APP Scam Claim,75.77,Bills & Utilities,Success,I was tricked into sending money and need urgent help.,No,High,Manual Review,Resolved,10,11,Yes,Fraud Review,56.83,Manual Follow-up Delay,Negative
DSP-0459,CUST-6469,TXN-108256,2026-01-27,Bank Transfer,Wrong Amount Debited,95.14,Subscription,Pending,The wrong amount was debited from my account. Please investigate.,Yes,Medium,Manual Review,Resolved,5,2,No,Payment Operations,0,Customer Input Error,Positive
DSP-0460,CUST-1994,TXN-653971,2026-01-05,Bank Transfer,Duplicate Debit,32.16,Bills & Utilities,Failed,I was charged twice for the same payment of £32.16.,Yes,Low,Eligible,Resolved,5,3,No,Refund Team,32.16,Duplicate Processing,Positive
DSP-0461,CUST-3643,TXN-402001,2026-02-19,Bank Transfer,Refund Delay,41.55,E-commerce,Success,My refund of £41.55 is still pending after several days.,Yes,Medium,Manual Review,Resolved,7,5,No,Refund Team,0,Manual Follow-up Delay,Positive
DSP-0462,CUST-8738,TXN-938603,2026-02-11,Bank Transfer,Duplicate Debit,120.5,Retail,Success,There are two debits for one order. Please refund the duplicate amount.,Yes,Low,Eligible,Resolved,5,1,No,Refund Team,120.5,Duplicate Processing,Positive
DSP-0463,CUST-5975,TXN-346120,2026-02-23,Bank Transfer,Chargeback Request,30.61,E-commerce,Success,The service was not provided and I want to raise a chargeback.,No,Medium,Manual Review,Resolved,10,10,No,Payment Operations,0,Manual Follow-up Delay,Negative
DSP-0464,CUST-4671,TXN-609990,2026-03-08,Open Banking,Unauthorised Transaction,223.3,Subscription,Success,I do not recognise this transaction and did not authorise it.,No,High,Manual Review,Awaiting Evidence,10,11,Yes,Fraud Review,0,Manual Follow-up Delay,Negative
DSP-0465,CUST-1826,TXN-559094,2026-04-28,Open Banking,Unauthorised Transaction,125.1,Food Delivery,Pending,This payment was made without my permission.,Yes,High,Manual Review,Resolved,10,11,Yes,Fraud Review,125.1,Fraud Indicator,Negative
DSP-0466,CUST-8233,TXN-898977,2026-05-10,Bank Transfer,APP Scam Claim,18.31,Transport,Success,I was tricked into sending money and need urgent help.,No,High,Manual Review,Open,10,15,Yes,Fraud Review,0,Customer Evidence Missing,Negative
DSP-0467,CUST-8760,TXN-457900,2026-03-15,Bank Transfer,Failed Payment,18.94,Travel,Failed,The transaction failed and I still cannot see my money returned.,Yes,Medium,Eligible,In Review,5,4,No,Payment Operations,0,System Mapping Error,Positive
DSP-0468,CUST-9456,TXN-933206,2026-04-03,Open Banking,Refund Delay,163.22,Subscription,Pending,The merchant said the refund was processed but I have not received it.,Yes,Medium,Manual Review,Resolved,7,7,No,Refund Team,0,Merchant Settlement Delay,Positive
DSP-0469,CUST-7443,TXN-896070,2026-01-10,Wallet,Merchant Not Credited,79.01,E-commerce,Pending,I paid successfully but the merchant has no confirmation.,No,Medium,Manual Review,Resolved,7,7,No,Merchant Support,79.01,Incorrect Merchant Reference,Positive
DSP-0470,CUST-1129,TXN-967176,2026-03-13,Open Banking,Merchant Not Credited,17.05,E-commerce,Success,I paid successfully but the merchant has no confirmation.,Yes,Medium,Manual Review,Resolved,7,10,Yes,Merchant Support,0,Gateway Timeout,Negative
DSP-0471,CUST-4232,TXN-416178,2026-01-22,Card,Refund Delay,142.98,Retail,Failed,The merchant said the refund was processed but I have not received it.,Yes,Medium,Manual Review,Resolved,7,9,Yes,Refund Team,0,Bank Reversal Delay,Negative
DSP-0472,CUST-1383,TXN-129246,2026-05-19,Bank Transfer,Duplicate Debit,174.47,Subscription,Success,I was charged twice for the same payment of £174.47.,Yes,Low,Eligible,Resolved,5,5,No,Refund Team,174.47,Duplicate Processing,Positive
DSP-0473,CUST-1782,TXN-893310,2026-02-01,Bank Transfer,Merchant Not Credited,13.58,Retail,Pending,The money left my account but the merchant says they did not receive it.,No,Medium,Manual Review,Resolved,7,9,Yes,Merchant Support,0,Gateway Timeout,Negative
DSP-0474,CUST-6739,TXN-413735,2026-03-14,Wallet,Unauthorised Transaction,45.76,Bills & Utilities,Failed,This payment was made without my permission.,Yes,High,Manual Review,Resolved,10,4,No,Fraud Review,34.32,Customer Evidence Missing,Negative
DSP-0475,CUST-2605,TXN-253672,2026-04-19,Wallet,Failed Payment,38,Travel,Failed,The transaction failed and I still cannot see my money returned.,Yes,Medium,Eligible,Resolved,5,3,No,Payment Operations,38,System Mapping Error,Positive
DSP-0476,CUST-8210,TXN-822487,2026-05-06,Wallet,Refund Delay,14.96,Bills & Utilities,Failed,My refund of £14.96 is still pending after several days.,Yes,Medium,Manual Review,Resolved,7,5,No,Refund Team,14.96,Manual Follow-up Delay,Neutral
DSP-0477,CUST-8755,TXN-134191,2026-02-10,Open Banking,Refund Delay,34.76,Subscription,Success,My refund of £34.76 is still pending after several days.,Yes,Medium,Manual Review,Resolved,7,1,No,Refund Team,17.38,Bank Reversal Delay,Neutral
DSP-0478,CUST-1797,TXN-419987,2026-03-14,Card,Unauthorised Transaction,39.7,Travel,Success,This payment was made without my permission.,Yes,High,Manual Review,Resolved,10,17,Yes,Fraud Review,0,Customer Evidence Missing,Negative
DSP-0479,CUST-8786,TXN-974994,2026-02-03,Wallet,Refund Delay,36.47,Bills & Utilities,Success,My refund of £36.47 is still pending after several days.,No,Medium,Manual Review,Resolved,7,10,Yes,Refund Team,27.35,Bank Reversal Delay,Negative
DSP-0480,CUST-9863,TXN-148045,2026-04-24,Wallet,Merchant Not Credited,250.28,Subscription,Failed,The money left my account but the merchant says they did not receive it.,No,Medium,Manual Review,Resolved,7,6,No,Merchant Support,250.28,Incorrect Merchant Reference,Neutral
DSP-0481,CUST-9877,TXN-704876,2026-01-14,Open Banking,Merchant Not Credited,84.32,Food Delivery,Success,I paid successfully but the merchant has no confirmation.,No,Medium,Manual Review,Resolved,7,13,Yes,Merchant Support,0,Merchant Settlement Delay,Negative
DSP-0482,CUST-2386,TXN-946118,2026-05-17,Bank Transfer,Refund Delay,11.77,Bills & Utilities,Success,My refund of £11.77 is still pending after several days.,Yes,Medium,Manual Review,Resolved,7,5,No,Refund Team,5.88,Merchant Settlement Delay,Neutral
DSP-0483,CUST-3359,TXN-291542,2026-03-07,Wallet,Failed Payment,8,Travel,Success,My payment of £8.00 failed but the money was debited.,Yes,Medium,Manual Review,Open,5,7,Yes,Payment Operations,0,Bank Reversal Delay,Negative
DSP-0484,CUST-4318,TXN-351262,2026-05-31,Card,Refund Delay,45.94,Travel,Success,The merchant said the refund was processed but I have not received it.,Yes,Medium,Manual Review,Resolved,7,4,No,Refund Team,45.94,Merchant Settlement Delay,Neutral
DSP-0485,CUST-5409,TXN-680990,2026-05-31,Wallet,Duplicate Debit,58.64,Travel,Failed,I was charged twice for the same payment of £58.64.,Yes,Low,Eligible,Open,5,5,No,Refund Team,0,Duplicate Processing,Positive
DSP-0486,CUST-5016,TXN-663646,2026-04-19,Open Banking,Merchant Not Credited,52.88,Food Delivery,Pending,The money left my account but the merchant says they did not receive it.,Yes,Medium,Manual Review,Resolved,7,5,No,Merchant Support,0,Gateway Timeout,Positive
DSP-0487,CUST-9361,TXN-394976,2026-01-12,Card,Merchant Not Credited,222.97,E-commerce,Failed,I paid successfully but the merchant has no confirmation.,No,Medium,Manual Review,Awaiting Evidence,7,8,Yes,Merchant Support,0,Incorrect Merchant Reference,Negative
DSP-0488,CUST-5282,TXN-889256,2026-04-26,Card,Merchant Not Credited,29.09,Subscription,Success,The money left my account but the merchant says they did not receive it.,No,Medium,Manual Review,Resolved,7,14,Yes,Merchant Support,21.82,Merchant Settlement Delay,Negative
DSP-0489,CUST-1156,TXN-805383,2026-02-14,Card,APP Scam Claim,140.9,Subscription,Success,I believe I have been scammed through a bank transfer.,No,High,Manual Review,Awaiting Evidence,10,14,Yes,Fraud Review,0,Manual Follow-up Delay,Negative
DSP-0490,CUST-3022,TXN-470141,2026-04-07,Wallet,Refund Delay,5.32,E-commerce,Pending,The merchant said the refund was processed but I have not received it.,Yes,Medium,Manual Review,In Review,7,6,No,Refund Team,0,Merchant Settlement Delay,Neutral
DSP-0491,CUST-1324,TXN-895262,2026-03-13,Wallet,Wrong Amount Debited,104.92,Retail,Success,The wrong amount was debited from my account. Please investigate.,Yes,Medium,Manual Review,Resolved,5,9,Yes,Payment Operations,0,Customer Input Error,Negative
DSP-0492,CUST-4212,TXN-961010,2026-04-12,Card,Duplicate Debit,40.47,Retail,Failed,I was charged twice for the same payment of £40.47.,Yes,Low,Eligible,Resolved,5,3,No,Refund Team,40.47,Duplicate Processing,Neutral
DSP-0493,CUST-3101,TXN-882209,2026-01-17,Card,Chargeback Request,64.07,Transport,Failed,"The merchant refused refund, so I need a chargeback review.",No,Medium,Manual Review,Resolved,10,7,No,Payment Operations,0,Manual Follow-up Delay,Neutral
DSP-0494,CUST-1849,TXN-995336,2026-03-24,Bank Transfer,Chargeback Request,14.44,Bills & Utilities,Failed,"The merchant refused refund, so I need a chargeback review.",Yes,Medium,Manual Review,Open,10,2,No,Payment Operations,0,Merchant Settlement Delay,Neutral
DSP-0495,CUST-7882,TXN-658272,2026-04-25,Card,Refund Delay,5.42,Transport,Success,The merchant said the refund was processed but I have not received it.,No,Medium,Manual Review,Resolved,7,7,No,Refund Team,4.06,Manual Follow-up Delay,Neutral
DSP-0496,CUST-1456,TXN-603281,2026-04-21,Wallet,Merchant Not Credited,53.34,Travel,Success,The money left my account but the merchant says they did not receive it.,Yes,Medium,Manual Review,In Review,7,8,Yes,Merchant Support,0,Incorrect Merchant Reference,Negative
DSP-0497,CUST-2194,TXN-913432,2026-04-23,Wallet,Merchant Not Credited,45.87,Food Delivery,Pending,The money left my account but the merchant says they did not receive it.,Yes,Medium,Manual Review,In Review,7,9,Yes,Merchant Support,0,Gateway Timeout,Negative
DSP-0498,CUST-5939,TXN-740405,2026-04-21,Card,Wrong Amount Debited,45.72,Bills & Utilities,Success,The wrong amount was debited from my account. Please investigate.,Yes,Medium,Manual Review,Resolved,5,6,Yes,Payment Operations,0,Customer Input Error,Negative
DSP-0499,CUST-8428,TXN-502569,2026-04-29,Wallet,APP Scam Claim,52.63,E-commerce,Pending,I was tricked into sending money and need urgent help.,Yes,High,Manual Review,Resolved,10,9,No,Fraud Review,0,Customer Evidence Missing,Negative
DSP-0500,CUST-3064,TXN-768324,2026-05-11,Card,Refund Delay,72.95,Retail,Success,My refund of £72.95 is still pending after several days.,Yes,Medium,Manual Review,Resolved,7,5,No,Refund Team,72.95,Bank Reversal Delay,Positive
DSP-0501,CUST-9866,TXN-913166,2026-02-07,Card,Duplicate Debit,28.14,Food Delivery,Failed,There are two debits for one order. Please refund the duplicate amount.,No,Low,Eligible,Awaiting Evidence,5,4,No,Refund Team,0,Duplicate Processing,Neutral
DSP-0502,CUST-6633,TXN-304899,2026-02-21,Wallet,Duplicate Debit,18.61,Bills & Utilities,Failed,There are two debits for one order. Please refund the duplicate amount.,No,Medium,Manual Review,Resolved,5,10,Yes,Refund Team,18.61,Duplicate Processing,Negative
DSP-0503,CUST-5909,TXN-539033,2026-03-26,Card,Refund Delay,23.93,Subscription,Success,My refund of £23.93 is still pending after several days.,Yes,Medium,Manual Review,Resolved,7,7,No,Refund Team,0,Merchant Settlement Delay,Neutral
DSP-0504,CUST-1162,TXN-177312,2026-04-02,Card,Failed Payment,27.69,Subscription,Pending,My payment of £27.69 failed but the money was debited.,Yes,Medium,Manual Review,Resolved,5,3,No,Payment Operations,13.85,Gateway Timeout,Positive
DSP-0505,CUST-6567,TXN-988704,2026-05-22,Card,Failed Payment,21.33,Food Delivery,Success,The transaction failed and I still cannot see my money returned.,Yes,Medium,Manual Review,Resolved,5,2,No,Payment Operations,16,Bank Reversal Delay,Neutral
DSP-0506,CUST-7100,TXN-793013,2026-02-13,Open Banking,Chargeback Request,68.85,Bills & Utilities,Failed,The service was not provided and I want to raise a chargeback.,Yes,Medium,Manual Review,Open,10,1,No,Payment Operations,0,Customer Evidence Missing,Neutral
DSP-0507,CUST-9773,TXN-408472,2026-02-08,Card,Failed Payment,82.39,Food Delivery,Pending,The transaction failed and I still cannot see my money returned.,No,Medium,Manual Review,Resolved,5,12,Yes,Payment Operations,0,System Mapping Error,Negative
DSP-0508,CUST-9168,TXN-644098,2026-04-29,Card,Wrong Amount Debited,43.46,Bills & Utilities,Success,I authorised a lower amount but a higher amount was taken.,Yes,Medium,Manual Review,Resolved,5,7,Yes,Payment Operations,0,System Mapping Error,Negative
DSP-0509,CUST-4840,TXN-515131,2026-02-25,Card,APP Scam Claim,203.06,Travel,Success,I believe I have been scammed through a bank transfer.,Yes,High,Manual Review,Resolved,10,9,No,Fraud Review,203.06,Fraud Indicator,Negative
DSP-0510,CUST-7981,TXN-573066,2026-04-30,Bank Transfer,Refund Delay,40.25,Food Delivery,Success,My refund of £40.25 is still pending after several days.,Yes,Medium,Manual Review,Resolved,7,9,Yes,Refund Team,0,Manual Follow-up Delay,Negative
DSP-0511,CUST-9220,TXN-637700,2026-05-20,Wallet,Unauthorised Transaction,23.48,Travel,Success,This payment was made without my permission.,No,High,Manual Review,Resolved,10,15,Yes,Fraud Review,23.48,Manual Follow-up Delay,Negative
DSP-0512,CUST-1139,TXN-907483,2026-03-18,Card,Refund Delay,280.86,Food Delivery,Success,The merchant said the refund was processed but I have not received it.,Yes,Medium,Manual Review,Open,7,4,No,Refund Team,0,Bank Reversal Delay,Neutral
DSP-0513,CUST-8773,TXN-345076,2026-05-13,Bank Transfer,Merchant Not Credited,31.64,Travel,Pending,I paid successfully but the merchant has no confirmation.,Yes,Medium,Manual Review,Resolved,7,1,No,Merchant Support,31.64,Merchant Settlement Delay,Neutral
DSP-0514,CUST-3276,TXN-705561,2026-02-02,Card,Wrong Amount Debited,40.41,Travel,Success,I authorised a lower amount but a higher amount was taken.,Yes,Medium,Manual Review,Resolved,5,9,Yes,Payment Operations,0,Customer Input Error,Negative
DSP-0515,CUST-6342,TXN-715467,2026-01-06,Bank Transfer,Failed Payment,48.27,Bills & Utilities,Success,My payment of £48.27 failed but the money was debited.,Yes,Medium,Manual Review,Resolved,5,3,No,Payment Operations,0,System Mapping Error,Positive
DSP-0516,CUST-3808,TXN-209380,2026-05-22,Card,Unauthorised Transaction,47.22,Retail,Success,I do not recognise this transaction and did not authorise it.,No,High,Manual Review,Resolved,10,16,Yes,Fraud Review,47.22,Customer Evidence Missing,Negative
DSP-0517,CUST-8449,TXN-160244,2026-04-05,Bank Transfer,Failed Payment,98.53,Retail,Pending,My payment of £98.53 failed but the money was debited.,Yes,Medium,Manual Review,Open,5,4,No,Payment Operations,0,Bank Reversal Delay,Neutral
DSP-0518,CUST-6075,TXN-553195,2026-05-02,Card,Merchant Not Credited,28.59,E-commerce,Failed,The money left my account but the merchant says they did not receive it.,Yes,Medium,Manual Review,In Review,7,8,Yes,Merchant Support,0,Merchant Settlement Delay,Negative
DSP-0519,CUST-7541,TXN-734229,2026-03-05,Bank Transfer,APP Scam Claim,112.67,Subscription,Success,I believe I have been scammed through a bank transfer.,Yes,High,Manual Review,Resolved,10,13,Yes,Fraud Review,56.34,Manual Follow-up Delay,Negative
DSP-0520,CUST-5081,TXN-288301,2026-04-21,Bank Transfer,APP Scam Claim,13.87,Bills & Utilities,Failed,I was tricked into sending money and need urgent help.,Yes,High,Manual Review,Resolved,10,8,No,Fraud Review,6.93,Fraud Indicator,Negative
DSP-0521,CUST-9085,TXN-531256,2026-05-22,Card,Refund Delay,85.75,Transport,Success,My refund of £85.75 is still pending after several days.,Yes,Medium,Manual Review,Resolved,7,6,No,Refund Team,0,Merchant Settlement Delay,Positive
DSP-0522,CUST-6630,TXN-882193,2026-04-13,Open Banking,Refund Delay,99.88,E-commerce,Success,My refund of £99.88 is still pending after several days.,Yes,Medium,Manual Review,Resolved,7,6,No,Refund Team,74.91,Bank Reversal Delay,Neutral
DSP-0523,CUST-5573,TXN-982442,2026-02-11,Card,Failed Payment,17.72,Subscription,Failed,The transaction failed and I still cannot see my money returned.,Yes,Medium,Eligible,Resolved,5,6,Yes,Payment Operations,17.72,System Mapping Error,Negative
DSP-0524,CUST-3915,TXN-327197,2026-01-09,Open Banking,Merchant Not Credited,37.01,E-commerce,Pending,I paid successfully but the merchant has no confirmation.,Yes,Medium,Manual Review,Resolved,7,3,No,Merchant Support,37.01,Gateway Timeout,Positive
DSP-0525,CUST-1858,TXN-727263,2026-01-02,Card,Refund Delay,22.65,Retail,Success,The merchant said the refund was processed but I have not received it.,Yes,Medium,Manual Review,Resolved,7,8,Yes,Refund Team,0,Bank Reversal Delay,Negative
DSP-0526,CUST-2582,TXN-935635,2026-02-12,Wallet,Failed Payment,44.65,Travel,Failed,My payment of £44.65 failed but the money was debited.,Yes,Medium,Eligible,In Review,5,5,No,Payment Operations,0,Gateway Timeout,Positive
DSP-0527,CUST-4807,TXN-324164,2026-01-28,Card,Failed Payment,32.83,Bills & Utilities,Success,The transaction failed and I still cannot see my money returned.,Yes,Medium,Manual Review,Resolved,5,7,Yes,Payment Operations,16.41,System Mapping Error,Negative
DSP-0528,CUST-5940,TXN-904829,2026-05-08,Open Banking,Failed Payment,74.95,Food Delivery,Failed,The transaction failed and I still cannot see my money returned.,No,Medium,Manual Review,Resolved,5,5,No,Payment Operations,0,System Mapping Error,Neutral
DSP-0529,CUST-3872,TXN-766216,2026-03-23,Open Banking,Merchant Not Credited,120.35,Subscription,Failed,I paid successfully but the merchant has no confirmation.,Yes,Medium,Manual Review,Resolved,7,7,No,Merchant Support,0,Gateway Timeout,Neutral
DSP-0530,CUST-4873,TXN-873758,2026-04-20,Wallet,Merchant Not Credited,14.5,Travel,Success,I paid successfully but the merchant has no confirmation.,Yes,Medium,Manual Review,Resolved,7,7,No,Merchant Support,0,Gateway Timeout,Positive
DSP-0531,CUST-3199,TXN-391636,2026-03-23,Wallet,Unauthorised Transaction,157.09,E-commerce,Pending,I do not recognise this transaction and did not authorise it.,No,High,Manual Review,Resolved,10,15,Yes,Fraud Review,157.09,Fraud Indicator,Negative
DSP-0532,CUST-4644,TXN-737600,2026-04-08,Bank Transfer,Failed Payment,49.52,Bills & Utilities,Success,My payment of £49.52 failed but the money was debited.,Yes,Medium,Manual Review,Open,5,3,No,Payment Operations,0,System Mapping Error,Neutral
DSP-0533,CUST-3845,TXN-721418,2026-05-21,Wallet,Chargeback Request,26.65,E-commerce,Success,"The merchant refused refund, so I need a chargeback review.",Yes,Medium,Manual Review,Resolved,10,6,No,Payment Operations,19.99,Merchant Settlement Delay,Neutral
DSP-0534,CUST-8883,TXN-183902,2026-04-03,Card,Failed Payment,34.03,E-commerce,Success,The transaction failed and I still cannot see my money returned.,Yes,Medium,Manual Review,Resolved,5,7,Yes,Payment Operations,17.02,Bank Reversal Delay,Negative
DSP-0535,CUST-9801,TXN-260221,2026-05-22,Wallet,Duplicate Debit,36.71,Bills & Utilities,Failed,I was charged twice for the same payment of £36.71.,Yes,Low,Eligible,Resolved,5,1,No,Refund Team,36.71,Duplicate Processing,Neutral
DSP-0536,CUST-1210,TXN-625021,2026-04-06,Bank Transfer,Chargeback Request,28.15,E-commerce,Pending,"The merchant refused refund, so I need a chargeback review.",Yes,Medium,Manual Review,Open,10,10,No,Payment Operations,0,Merchant Settlement Delay,Negative
DSP-0537,CUST-3660,TXN-303663,2026-04-22,Open Banking,Unauthorised Transaction,71.03,E-commerce,Failed,I do not recognise this transaction and did not authorise it.,Yes,High,Manual Review,Resolved,10,13,Yes,Fraud Review,53.27,Manual Follow-up Delay,Negative
DSP-0538,CUST-6921,TXN-761601,2026-01-08,Wallet,Merchant Not Credited,21.35,E-commerce,Success,The money left my account but the merchant says they did not receive it.,Yes,Medium,Manual Review,Open,7,9,Yes,Merchant Support,0,Gateway Timeout,Negative
DSP-0539,CUST-2912,TXN-908422,2026-01-24,Wallet,APP Scam Claim,28.2,Food Delivery,Failed,I believe I have been scammed through a bank transfer.,Yes,High,Manual Review,Resolved,10,12,Yes,Fraud Review,28.2,Customer Evidence Missing,Negative
DSP-0540,CUST-6045,TXN-869584,2026-04-16,Wallet,Chargeback Request,68.24,Transport,Success,"The merchant refused refund, so I need a chargeback review.",No,Medium,Manual Review,Resolved,10,11,Yes,Payment Operations,34.12,Manual Follow-up Delay,Negative
DSP-0541,CUST-1025,TXN-201576,2026-01-18,Wallet,Refund Delay,34.11,Bills & Utilities,Success,The merchant said the refund was processed but I have not received it.,Yes,Medium,Manual Review,Resolved,7,8,Yes,Refund Team,34.11,Manual Follow-up Delay,Negative
DSP-0542,CUST-4041,TXN-310701,2026-01-16,Wallet,Unauthorised Transaction,106.58,Subscription,Success,I do not recognise this transaction and did not authorise it.,Yes,High,Manual Review,Resolved,10,13,Yes,Fraud Review,79.94,Fraud Indicator,Negative
DSP-0543,CUST-6605,TXN-131107,2026-05-30,Card,Refund Delay,126.93,Food Delivery,Success,My refund of £126.93 is still pending after several days.,Yes,Medium,Manual Review,In Review,7,3,No,Refund Team,0,Bank Reversal Delay,Positive
DSP-0544,CUST-6521,TXN-733729,2026-04-20,Card,Wrong Amount Debited,28.96,Retail,Pending,I authorised a lower amount but a higher amount was taken.,Yes,Medium,Manual Review,Resolved,5,8,Yes,Payment Operations,0,Customer Input Error,Negative
DSP-0545,CUST-2641,TXN-103234,2026-04-27,Open Banking,Refund Delay,100.75,Transport,Pending,My refund of £100.75 is still pending after several days.,Yes,Medium,Manual Review,Resolved,7,3,No,Refund Team,0,Manual Follow-up Delay,Neutral
DSP-0546,CUST-1272,TXN-764563,2026-04-03,Open Banking,Chargeback Request,117.64,Retail,Failed,"The merchant refused refund, so I need a chargeback review.",Yes,Medium,Manual Review,In Review,10,1,No,Payment Operations,0,Manual Follow-up Delay,Positive
DSP-0547,CUST-2645,TXN-869946,2026-04-09,Card,Failed Payment,13.68,Subscription,Pending,The transaction failed and I still cannot see my money returned.,Yes,Medium,Manual Review,Resolved,5,9,Yes,Payment Operations,0,Gateway Timeout,Negative
DSP-0548,CUST-3753,TXN-567965,2026-01-30,Bank Transfer,Merchant Not Credited,25.76,E-commerce,Failed,I paid successfully but the merchant has no confirmation.,Yes,Medium,Manual Review,Resolved,7,11,Yes,Merchant Support,0,Gateway Timeout,Negative
DSP-0549,CUST-7283,TXN-903533,2026-03-13,Card,Duplicate Debit,28.87,Food Delivery,Failed,I was charged twice for the same payment of £28.87.,No,Medium,Manual Review,In Review,5,6,Yes,Refund Team,0,Duplicate Processing,Negative
DSP-0550,CUST-2059,TXN-775268,2026-03-29,Card,Wrong Amount Debited,70.57,E-commerce,Pending,I authorised a lower amount but a higher amount was taken.,No,Medium,Manual Review,Open,5,6,Yes,Payment Operations,0,Customer Input Error,Negative
DSP-0551,CUST-2895,TXN-405110,2026-01-23,Card,Refund Delay,47.73,Food Delivery,Failed,The merchant said the refund was processed but I have not received it.,Yes,Medium,Manual Review,Resolved,7,9,Yes,Refund Team,47.73,Merchant Settlement Delay,Negative
DSP-0552,CUST-7359,TXN-544280,2026-03-23,Wallet,Unauthorised Transaction,72.49,Food Delivery,Success,This payment was made without my permission.,Yes,High,Manual Review,Resolved,10,9,No,Fraud Review,36.24,Customer Evidence Missing,Negative
DSP-0553,CUST-8467,TXN-254586,2026-03-14,Card,Merchant Not Credited,177.52,Subscription,Success,I paid successfully but the merchant has no confirmation.,Yes,Medium,Manual Review,Resolved,7,15,Yes,Merchant Support,88.76,Gateway Timeout,Negative
DSP-0554,CUST-5775,TXN-838344,2026-04-07,Card,Unauthorised Transaction,6.77,Transport,Failed,This payment was made without my permission.,No,High,Manual Review,Resolved,10,21,Yes,Fraud Review,0,Manual Follow-up Delay,Negative
DSP-0555,CUST-7419,TXN-413630,2026-02-10,Open Banking,Merchant Not Credited,19.37,Travel,Failed,The money left my account but the merchant says they did not receive it.,No,Medium,Manual Review,Awaiting Evidence,7,7,No,Merchant Support,0,Gateway Timeout,Positive
DSP-0556,CUST-3144,TXN-439128,2026-05-29,Open Banking,Failed Payment,100.54,E-commerce,Success,My payment of £100.54 failed but the money was debited.,Yes,Medium,Manual Review,Resolved,5,3,No,Payment Operations,0,System Mapping Error,Neutral
DSP-0557,CUST-4205,TXN-871037,2026-01-03,Card,APP Scam Claim,93.54,Bills & Utilities,Failed,I believe I have been scammed through a bank transfer.,Yes,High,Manual Review,Resolved,10,17,Yes,Fraud Review,93.54,Fraud Indicator,Negative
DSP-0558,CUST-8107,TXN-255785,2026-04-14,Card,Failed Payment,32.59,Subscription,Pending,My payment of £32.59 failed but the money was debited.,Yes,Medium,Manual Review,Resolved,5,10,Yes,Payment Operations,0,Bank Reversal Delay,Negative
DSP-0559,CUST-8596,TXN-957939,2026-04-08,Card,Merchant Not Credited,32.46,Food Delivery,Success,I paid successfully but the merchant has no confirmation.,Yes,Medium,Manual Review,In Review,7,8,Yes,Merchant Support,0,Gateway Timeout,Negative
DSP-0560,CUST-2549,TXN-932929,2026-02-16,Card,Chargeback Request,61.64,Retail,Success,The service was not provided and I want to raise a chargeback.,Yes,Medium,Manual Review,Resolved,10,9,No,Payment Operations,0,Manual Follow-up Delay,Negative
DSP-0561,CUST-7451,TXN-683071,2026-05-18,Wallet,Merchant Not Credited,55.35,E-commerce,Success,I paid successfully but the merchant has no confirmation.,No,Medium,Manual Review,Resolved,7,12,Yes,Merchant Support,55.35,Gateway Timeout,Negative
DSP-0562,CUST-6149,TXN-229022,2026-01-11,Card,Duplicate Debit,13.08,Transport,Failed,There are two debits for one order. Please refund the duplicate amount.,Yes,Low,Eligible,Resolved,5,1,No,Refund Team,13.08,Duplicate Processing,Positive
DSP-0563,CUST-9919,TXN-279938,2026-04-19,Open Banking,Merchant Not Credited,21.19,Retail,Failed,The money left my account but the merchant says they did not receive it.,Yes,Medium,Manual Review,Resolved,7,16,Yes,Merchant Support,21.19,Gateway Timeout,Negative
DSP-0564,CUST-1732,TXN-348617,2026-01-10,Card,Duplicate Debit,48.91,Travel,Success,I was charged twice for the same payment of £48.91.,No,Medium,Manual Review,Resolved,5,3,No,Refund Team,36.68,Duplicate Processing,Positive
DSP-0565,CUST-7554,TXN-578221,2026-01-22,Open Banking,Wrong Amount Debited,12.6,Travel,Pending,The wrong amount was debited from my account. Please investigate.,Yes,Medium,Manual Review,Resolved,5,5,No,Payment Operations,6.3,System Mapping Error,Positive
DSP-0566,CUST-6183,TXN-926051,2026-04-22,Card,Chargeback Request,24.42,Subscription,Success,The service was not provided and I want to raise a chargeback.,Yes,Medium,Manual Review,Resolved,10,2,No,Payment Operations,18.32,Merchant Settlement Delay,Positive
DSP-0567,CUST-4698,TXN-386939,2026-01-03,Card,Chargeback Request,64.74,Subscription,Failed,The service was not provided and I want to raise a chargeback.,Yes,Medium,Manual Review,Resolved,10,8,No,Payment Operations,48.55,Customer Evidence Missing,Negative
DSP-0568,CUST-1785,TXN-279041,2026-03-23,Open Banking,Refund Delay,16.9,Transport,Failed,The merchant said the refund was processed but I have not received it.,Yes,Medium,Manual Review,Resolved,7,7,No,Refund Team,8.45,Merchant Settlement Delay,Neutral
DSP-0569,CUST-3337,TXN-497201,2026-05-26,Wallet,Failed Payment,60.52,Subscription,Success,My payment of £60.52 failed but the money was debited.,Yes,Medium,Manual Review,Resolved,5,11,Yes,Payment Operations,45.39,Bank Reversal Delay,Negative
DSP-0570,CUST-6000,TXN-766511,2026-01-23,Open Banking,Refund Delay,29.96,Food Delivery,Success,My refund of £29.96 is still pending after several days.,Yes,Medium,Manual Review,Resolved,7,5,No,Refund Team,29.96,Bank Reversal Delay,Positive
DSP-0571,CUST-1175,TXN-544579,2026-05-11,Open Banking,Failed Payment,40.04,E-commerce,Pending,The transaction failed and I still cannot see my money returned.,Yes,Medium,Manual Review,Open,5,7,Yes,Payment Operations,0,Bank Reversal Delay,Negative
DSP-0572,CUST-9754,TXN-886083,2026-03-30,Card,Wrong Amount Debited,131.01,Subscription,Success,The wrong amount was debited from my account. Please investigate.,Yes,Medium,Manual Review,Resolved,5,6,Yes,Payment Operations,0,System Mapping Error,Negative
DSP-0573,CUST-3864,TXN-178771,2026-04-04,Wallet,Merchant Not Credited,126.85,Bills & Utilities,Success,The money left my account but the merchant says they did not receive it.,No,Medium,Manual Review,Resolved,7,12,Yes,Merchant Support,0,Incorrect Merchant Reference,Negative
DSP-0574,CUST-5752,TXN-413710,2026-05-04,Card,Duplicate Debit,90.47,Retail,Pending,I was charged twice for the same payment of £90.47.,No,Medium,Manual Review,Awaiting Evidence,5,7,Yes,Refund Team,0,Duplicate Processing,Negative
DSP-0575,CUST-8586,TXN-747756,2026-05-05,Card,Failed Payment,37.25,Food Delivery,Success,My payment of £37.25 failed but the money was debited.,No,Medium,Manual Review,Resolved,5,8,Yes,Payment Operations,37.25,Gateway Timeout,Negative
DSP-0576,CUST-7729,TXN-229858,2026-05-05,Card,Unauthorised Transaction,20.32,Travel,Success,This payment was made without my permission.,Yes,High,Manual Review,Resolved,10,11,Yes,Fraud Review,15.24,Fraud Indicator,Negative
DSP-0577,CUST-3651,TXN-246668,2026-04-01,Wallet,Failed Payment,18.29,Retail,Success,The transaction failed and I still cannot see my money returned.,No,Medium,Manual Review,Resolved,5,10,Yes,Payment Operations,0,Gateway Timeout,Negative
DSP-0578,CUST-2946,TXN-541550,2026-05-06,Bank Transfer,Unauthorised Transaction,64.26,Transport,Pending,I do not recognise this transaction and did not authorise it.,Yes,High,Manual Review,In Review,10,12,Yes,Fraud Review,0,Manual Follow-up Delay,Negative
DSP-0579,CUST-2797,TXN-213119,2026-01-06,Card,Refund Delay,31.36,Food Delivery,Success,The merchant said the refund was processed but I have not received it.,Yes,Medium,Manual Review,Resolved,7,8,Yes,Refund Team,0,Merchant Settlement Delay,Negative
DSP-0580,CUST-5087,TXN-394795,2026-01-30,Open Banking,Chargeback Request,5.19,Retail,Success,The service was not provided and I want to raise a chargeback.,No,Medium,Manual Review,Resolved,10,10,No,Payment Operations,2.6,Merchant Settlement Delay,Negative
DSP-0581,CUST-3436,TXN-340526,2026-01-31,Card,Failed Payment,30.56,Food Delivery,Pending,The transaction failed and I still cannot see my money returned.,Yes,Medium,Manual Review,Resolved,5,4,No,Payment Operations,22.92,System Mapping Error,Neutral
DSP-0582,CUST-1846,TXN-419071,2026-01-29,Card,Duplicate Debit,27.85,Travel,Pending,There are two debits for one order. Please refund the duplicate amount.,Yes,Low,Eligible,Resolved,5,6,Yes,Refund Team,27.85,Duplicate Processing,Negative
DSP-0583,CUST-4473,TXN-399176,2026-05-01,Card,Merchant Not Credited,35.35,Bills & Utilities,Success,I paid successfully but the merchant has no confirmation.,Yes,Medium,Manual Review,Resolved,7,5,No,Merchant Support,26.51,Merchant Settlement Delay,Positive
DSP-0584,CUST-4903,TXN-781834,2026-03-12,Card,Refund Delay,60.47,Subscription,Pending,My refund of £60.47 is still pending after several days.,No,Medium,Manual Review,Resolved,7,5,No,Refund Team,30.23,Bank Reversal Delay,Neutral
DSP-0585,CUST-5939,TXN-860585,2026-05-02,Open Banking,Duplicate Debit,56.64,Retail,Success,There are two debits for one order. Please refund the duplicate amount.,No,Low,Eligible,Awaiting Evidence,5,6,Yes,Refund Team,0,Duplicate Processing,Negative
DSP-0586,CUST-6996,TXN-570267,2026-01-31,Open Banking,Failed Payment,7.24,Subscription,Pending,My payment of £7.24 failed but the money was debited.,Yes,Medium,Manual Review,Resolved,5,2,No,Payment Operations,3.62,Bank Reversal Delay,Neutral
DSP-0587,CUST-7512,TXN-619072,2026-05-17,Open Banking,Chargeback Request,5.72,Bills & Utilities,Failed,"The merchant refused refund, so I need a chargeback review.",Yes,Medium,Manual Review,Resolved,10,5,No,Payment Operations,5.72,Manual Follow-up Delay,Neutral
DSP-0588,CUST-9254,TXN-842133,2026-05-15,Card,APP Scam Claim,26.95,Food Delivery,Success,I believe I have been scammed through a bank transfer.,Yes,High,Manual Review,Resolved,10,12,Yes,Fraud Review,0,Fraud Indicator,Negative
DSP-0589,CUST-3178,TXN-383571,2026-01-14,Wallet,Duplicate Debit,111.42,Food Delivery,Failed,I was charged twice for the same payment of £111.42.,No,Low,Eligible,Awaiting Evidence,5,5,No,Refund Team,0,Duplicate Processing,Positive
DSP-0590,CUST-7690,TXN-741185,2026-03-17,Card,Failed Payment,526.97,Transport,Pending,The transaction failed and I still cannot see my money returned.,Yes,High,Manual Review,Resolved,5,8,Yes,Payment Operations,526.97,System Mapping Error,Negative
DSP-0591,CUST-4377,TXN-956526,2026-04-24,Card,Duplicate Debit,75.14,Transport,Success,I was charged twice for the same payment of £75.14.,Yes,Low,Eligible,Resolved,5,2,No,Refund Team,75.14,Duplicate Processing,Positive
DSP-0592,CUST-9125,TXN-290330,2026-04-28,Card,APP Scam Claim,16.6,E-commerce,Success,I was tricked into sending money and need urgent help.,Yes,High,Manual Review,Resolved,10,7,No,Fraud Review,12.45,Customer Evidence Missing,Negative
DSP-0593,CUST-2137,TXN-250494,2026-01-19,Bank Transfer,Refund Delay,57.64,E-commerce,Failed,The merchant said the refund was processed but I have not received it.,No,Medium,Manual Review,Resolved,7,6,No,Refund Team,0,Bank Reversal Delay,Neutral
DSP-0594,CUST-5068,TXN-907526,2026-01-22,Card,Chargeback Request,81.44,Food Delivery,Pending,The service was not provided and I want to raise a chargeback.,No,Medium,Manual Review,Awaiting Evidence,10,4,No,Payment Operations,0,Manual Follow-up Delay,Neutral
DSP-0595,CUST-3281,TXN-603762,2026-05-25,Open Banking,Unauthorised Transaction,23.59,Retail,Success,This payment was made without my permission.,Yes,High,Manual Review,Resolved,10,10,No,Fraud Review,11.79,Manual Follow-up Delay,Negative
DSP-0596,CUST-3323,TXN-101269,2026-02-27,Card,Refund Delay,9.1,Retail,Pending,The merchant said the refund was processed but I have not received it.,Yes,Medium,Manual Review,Open,7,5,No,Refund Team,0,Manual Follow-up Delay,Positive
DSP-0597,CUST-2804,TXN-335428,2026-01-27,Open Banking,Duplicate Debit,16,Travel,Pending,I was charged twice for the same payment of £16.00.,No,Medium,Manual Review,Resolved,5,12,Yes,Refund Team,16,Duplicate Processing,Negative
DSP-0598,CUST-7967,TXN-257517,2026-03-19,Bank Transfer,Duplicate Debit,85.71,Bills & Utilities,Failed,I was charged twice for the same payment of £85.71.,No,Medium,Manual Review,Awaiting Evidence,5,6,Yes,Refund Team,0,Duplicate Processing,Negative
DSP-0599,CUST-1035,TXN-255863,2026-02-07,Card,Refund Delay,182.19,Bills & Utilities,Pending,The merchant said the refund was processed but I have not received it.,Yes,Medium,Manual Review,Resolved,7,8,Yes,Refund Team,0,Merchant Settlement Delay,Negative
DSP-0600,CUST-7308,TXN-469737,2026-03-23,Bank Transfer,Refund Delay,50.97,E-commerce,Pending,My refund of £50.97 is still pending after several days.,Yes,Medium,Manual Review,Resolved,7,5,No,Refund Team,50.97,Manual Follow-up Delay,Neutral
DSP-0601,CUST-2369,TXN-709184,2026-04-18,Bank Transfer,Unauthorised Transaction,72.35,Food Delivery,Success,This payment was made without my permission.,Yes,High,Manual Review,Resolved,10,8,No,Fraud Review,54.26,Fraud Indicator,Negative
DSP-0602,CUST-3283,TXN-409012,2026-04-28,Card,APP Scam Claim,5,Food Delivery,Failed,I believe I have been scammed through a bank transfer.,Yes,High,Manual Review,Resolved,10,13,Yes,Fraud Review,2.5,Manual Follow-up Delay,Negative
DSP-0603,CUST-7089,TXN-156710,2026-01-28,Wallet,Failed Payment,13.75,Food Delivery,Success,The transaction failed and I still cannot see my money returned.,Yes,Medium,Manual Review,Resolved,5,7,Yes,Payment Operations,0,Bank Reversal Delay,Negative
DSP-0604,CUST-8703,TXN-531512,2026-03-28,Bank Transfer,Merchant Not Credited,48.61,Retail,Success,I paid successfully but the merchant has no confirmation.,No,Medium,Manual Review,In Review,7,12,Yes,Merchant Support,0,Gateway Timeout,Negative
DSP-0605,CUST-9222,TXN-420899,2026-02-28,Bank Transfer,Failed Payment,171.03,Retail,Failed,My payment of £171.03 failed but the money was debited.,Yes,Medium,Eligible,Resolved,5,6,Yes,Payment Operations,171.03,Gateway Timeout,Negative
DSP-0606,CUST-8674,TXN-600607,2026-03-22,Wallet,Refund Delay,33.64,Travel,Failed,The merchant said the refund was processed but I have not received it.,Yes,Medium,Manual Review,Resolved,7,7,No,Refund Team,25.23,Bank Reversal Delay,Neutral
DSP-0607,CUST-5623,TXN-270666,2026-05-19,Card,Duplicate Debit,22.86,Food Delivery,Success,I was charged twice for the same payment of £22.86.,Yes,Low,Eligible,In Review,5,2,No,Refund Team,0,Duplicate Processing,Neutral
DSP-0608,CUST-6154,TXN-197738,2026-03-21,Card,Refund Delay,23.87,Retail,Success,My refund of £23.87 is still pending after several days.,No,Medium,Manual Review,Awaiting Evidence,7,5,No,Refund Team,0,Merchant Settlement Delay,Neutral
DSP-0609,CUST-7672,TXN-877468,2026-05-09,Card,Unauthorised Transaction,11.76,Bills & Utilities,Success,I do not recognise this transaction and did not authorise it.,No,High,Manual Review,Resolved,10,13,Yes,Fraud Review,5.88,Fraud Indicator,Negative
DSP-0610,CUST-3307,TXN-906172,2026-02-11,Open Banking,Refund Delay,46.84,Bills & Utilities,Pending,My refund of £46.84 is still pending after several days.,Yes,Medium,Manual Review,Resolved,7,7,No,Refund Team,0,Merchant Settlement Delay,Neutral
DSP-0611,CUST-4917,TXN-318964,2026-01-20,Open Banking,Merchant Not Credited,5,Transport,Pending,I paid successfully but the merchant has no confirmation.,Yes,Medium,Manual Review,Resolved,7,6,No,Merchant Support,5,Merchant Settlement Delay,Positive
DSP-0612,CUST-2461,TXN-174589,2026-02-15,Wallet,Refund Delay,80.46,Retail,Pending,My refund of £80.46 is still pending after several days.,No,Medium,Manual Review,Resolved,7,9,Yes,Refund Team,0,Merchant Settlement Delay,Negative
DSP-0613,CUST-7701,TXN-998630,2026-02-03,Bank Transfer,Merchant Not Credited,52.71,Food Delivery,Failed,The money left my account but the merchant says they did not receive it.,Yes,Medium,Manual Review,Resolved,7,14,Yes,Merchant Support,0,Incorrect Merchant Reference,Negative
DSP-0614,CUST-5011,TXN-833736,2026-05-24,Card,APP Scam Claim,28.15,Bills & Utilities,Pending,I believe I have been scammed through a bank transfer.,Yes,High,Manual Review,Resolved,10,4,No,Fraud Review,21.11,Customer Evidence Missing,Negative
DSP-0615,CUST-2787,TXN-189991,2026-02-16,Wallet,APP Scam Claim,21.06,Travel,Success,I believe I have been scammed through a bank transfer.,Yes,High,Manual Review,Resolved,10,9,No,Fraud Review,10.53,Fraud Indicator,Negative
DSP-0616,CUST-3384,TXN-771315,2026-02-24,Card,Failed Payment,51.31,Transport,Success,The transaction failed and I still cannot see my money returned.,Yes,Medium,Manual Review,Resolved,5,2,No,Payment Operations,25.66,Bank Reversal Delay,Positive
DSP-0617,CUST-5129,TXN-766566,2026-02-15,Card,Failed Payment,33.21,E-commerce,Success,The transaction failed and I still cannot see my money returned.,Yes,Medium,Manual Review,Open,5,4,No,Payment Operations,0,Gateway Timeout,Positive
DSP-0618,CUST-5864,TXN-272525,2026-02-20,Card,Refund Delay,36.06,Retail,Pending,The merchant said the refund was processed but I have not received it.,Yes,Medium,Manual Review,Resolved,7,3,No,Refund Team,0,Manual Follow-up Delay,Neutral
DSP-0619,CUST-3369,TXN-439458,2026-03-23,Card,APP Scam Claim,143.14,Travel,Success,I believe I have been scammed through a bank transfer.,No,High,Manual Review,Open,10,13,Yes,Fraud Review,0,Customer Evidence Missing,Negative
DSP-0620,CUST-2596,TXN-138258,2026-02-25,Wallet,Failed Payment,143.98,Subscription,Success,My payment of £143.98 failed but the money was debited.,No,Medium,Manual Review,Awaiting Evidence,5,10,Yes,Payment Operations,0,Gateway Timeout,Negative
DSP-0621,CUST-7066,TXN-953309,2026-04-04,Card,APP Scam Claim,41.39,E-commerce,Failed,I was tricked into sending money and need urgent help.,No,High,Manual Review,Resolved,10,11,Yes,Fraud Review,31.04,Customer Evidence Missing,Negative
DSP-0622,CUST-3880,TXN-581111,2026-04-20,Card,Merchant Not Credited,16.91,Travel,Pending,The money left my account but the merchant says they did not receive it.,Yes,Medium,Manual Review,Resolved,7,9,Yes,Merchant Support,0,Incorrect Merchant Reference,Negative
DSP-0623,CUST-2435,TXN-945089,2026-01-27,Card,Failed Payment,106.58,Subscription,Success,My payment of £106.58 failed but the money was debited.,Yes,Medium,Manual Review,Open,5,7,Yes,Payment Operations,0,System Mapping Error,Negative
DSP-0624,CUST-8448,TXN-678381,2026-04-08,Card,APP Scam Claim,111.24,Transport,Pending,I was tricked into sending money and need urgent help.,Yes,High,Manual Review,Resolved,10,6,No,Fraud Review,111.24,Manual Follow-up Delay,Negative
DSP-0625,CUST-9315,TXN-397380,2026-03-10,Open Banking,Duplicate Debit,34.33,Bills & Utilities,Success,There are two debits for one order. Please refund the duplicate amount.,Yes,Low,Eligible,Resolved,5,4,No,Refund Team,34.33,Duplicate Processing,Positive
DSP-0626,CUST-3792,TXN-699982,2026-04-21,Card,Chargeback Request,11.47,Transport,Success,"The merchant refused refund, so I need a chargeback review.",No,Medium,Manual Review,Resolved,10,3,No,Payment Operations,0,Customer Evidence Missing,Neutral
DSP-0627,CUST-6212,TXN-642404,2026-02-10,Bank Transfer,Failed Payment,98.09,E-commerce,Failed,The transaction failed and I still cannot see my money returned.,Yes,Medium,Eligible,Resolved,5,10,Yes,Payment Operations,98.09,System Mapping Error,Negative
DSP-0628,CUST-4338,TXN-197784,2026-01-24,Card,Failed Payment,64.39,Subscription,Failed,My payment of £64.39 failed but the money was debited.,No,Medium,Manual Review,Resolved,5,6,Yes,Payment Operations,64.39,Gateway Timeout,Negative
DSP-0629,CUST-8433,TXN-765282,2026-04-02,Card,Merchant Not Credited,24.45,Transport,Success,The money left my account but the merchant says they did not receive it.,No,Medium,Manual Review,Resolved,7,11,Yes,Merchant Support,0,Incorrect Merchant Reference,Negative
DSP-0630,CUST-2694,TXN-216320,2026-04-28,Open Banking,Failed Payment,19.93,Retail,Success,My payment of £19.93 failed but the money was debited.,Yes,Medium,Manual Review,Open,5,1,No,Payment Operations,0,Bank Reversal Delay,Positive
DSP-0631,CUST-9045,TXN-934080,2026-01-06,Card,Refund Delay,51.01,Bills & Utilities,Success,The merchant said the refund was processed but I have not received it.,Yes,Medium,Manual Review,Resolved,7,6,No,Refund Team,51.01,Merchant Settlement Delay,Neutral
DSP-0632,CUST-6616,TXN-463629,2026-05-04,Open Banking,Merchant Not Credited,26.91,Subscription,Success,The money left my account but the merchant says they did not receive it.,Yes,Medium,Manual Review,Resolved,7,6,No,Merchant Support,20.18,Gateway Timeout,Neutral
DSP-0633,CUST-1483,TXN-443450,2026-02-05,Card,Wrong Amount Debited,97.1,Bills & Utilities,Success,I authorised a lower amount but a higher amount was taken.,Yes,Medium,Manual Review,Resolved,5,1,No,Payment Operations,0,Customer Input Error,Neutral
DSP-0634,CUST-3833,TXN-307488,2026-03-13,Open Banking,Failed Payment,114.03,Retail,Pending,The transaction failed and I still cannot see my money returned.,No,Medium,Manual Review,Resolved,5,10,Yes,Payment Operations,114.03,Bank Reversal Delay,Negative
DSP-0635,CUST-6222,TXN-753169,2026-01-28,Bank Transfer,Refund Delay,47.29,E-commerce,Pending,My refund of £47.29 is still pending after several days.,Yes,Medium,Manual Review,Resolved,7,8,Yes,Refund Team,0,Bank Reversal Delay,Negative
DSP-0636,CUST-7525,TXN-131394,2026-01-30,Card,Duplicate Debit,78.29,Food Delivery,Success,I was charged twice for the same payment of £78.29.,Yes,Low,Eligible,Resolved,5,2,No,Refund Team,78.29,Duplicate Processing,Positive
DSP-0637,CUST-1157,TXN-434064,2026-01-03,Wallet,Duplicate Debit,46.76,Retail,Failed,I was charged twice for the same payment of £46.76.,Yes,Low,Eligible,Resolved,5,1,No,Refund Team,46.76,Duplicate Processing,Positive
DSP-0638,CUST-7909,TXN-815267,2026-04-22,Card,Duplicate Debit,33.05,Bills & Utilities,Success,I was charged twice for the same payment of £33.05.,Yes,Low,Eligible,Resolved,5,1,No,Refund Team,33.05,Duplicate Processing,Positive
DSP-0639,CUST-1348,TXN-398882,2026-01-05,Wallet,APP Scam Claim,5.55,Bills & Utilities,Success,I believe I have been scammed through a bank transfer.,Yes,High,Manual Review,Resolved,10,15,Yes,Fraud Review,4.16,Manual Follow-up Delay,Negative
DSP-0640,CUST-5500,TXN-432597,2026-03-30,Card,Merchant Not Credited,20.03,Bills & Utilities,Success,I paid successfully but the merchant has no confirmation.,No,Medium,Manual Review,Open,7,12,Yes,Merchant Support,0,Incorrect Merchant Reference,Negative
DSP-0641,CUST-2683,TXN-130710,2026-02-27,Card,Failed Payment,17.28,E-commerce,Failed,My payment of £17.28 failed but the money was debited.,Yes,Medium,Eligible,Resolved,5,8,Yes,Payment Operations,17.28,Gateway Timeout,Negative
DSP-0642,CUST-1860,TXN-372302,2026-01-12,Card,Chargeback Request,16.06,Subscription,Pending,The service was not provided and I want to raise a chargeback.,Yes,Medium,Manual Review,Resolved,10,12,Yes,Payment Operations,12.04,Manual Follow-up Delay,Negative
DSP-0643,CUST-3069,TXN-434844,2026-02-07,Wallet,APP Scam Claim,128.74,Bills & Utilities,Failed,I believe I have been scammed through a bank transfer.,Yes,High,Manual Review,In Review,10,7,No,Fraud Review,0,Fraud Indicator,Negative
DSP-0644,CUST-4700,TXN-196258,2026-03-09,Wallet,Wrong Amount Debited,10.99,Retail,Failed,The wrong amount was debited from my account. Please investigate.,No,Medium,Manual Review,Resolved,5,6,Yes,Payment Operations,8.24,System Mapping Error,Negative
DSP-0645,CUST-4481,TXN-113765,2026-02-25,Bank Transfer,Refund Delay,39.36,Transport,Failed,The merchant said the refund was processed but I have not received it.,Yes,Medium,Manual Review,Resolved,7,6,No,Refund Team,39.36,Merchant Settlement Delay,Neutral
DSP-0646,CUST-4584,TXN-481308,2026-04-09,Open Banking,APP Scam Claim,44.22,Retail,Success,I was tricked into sending money and need urgent help.,Yes,High,Manual Review,Resolved,10,8,No,Fraud Review,0,Manual Follow-up Delay,Negative
DSP-0647,CUST-8552,TXN-212379,2026-01-29,Card,APP Scam Claim,62.26,Travel,Success,I believe I have been scammed through a bank transfer.,Yes,High,Manual Review,Resolved,10,9,No,Fraud Review,31.13,Customer Evidence Missing,Negative
DSP-0648,CUST-5466,TXN-487743,2026-01-26,Card,Refund Delay,87.73,Retail,Success,The merchant said the refund was processed but I have not received it.,Yes,Medium,Manual Review,Resolved,7,6,No,Refund Team,43.87,Manual Follow-up Delay,Neutral
DSP-0649,CUST-2819,TXN-330246,2026-01-30,Card,Failed Payment,28.08,Food Delivery,Success,The transaction failed and I still cannot see my money returned.,No,Medium,Manual Review,Resolved,5,8,Yes,Payment Operations,0,System Mapping Error,Negative
DSP-0650,CUST-9112,TXN-315697,2026-02-13,Wallet,Refund Delay,18.81,E-commerce,Success,The merchant said the refund was processed but I have not received it.,Yes,Medium,Manual Review,Resolved,7,3,No,Refund Team,0,Manual Follow-up Delay,Neutral
DSP-0651,CUST-6162,TXN-814544,2026-01-18,Card,Refund Delay,7.17,E-commerce,Success,The merchant said the refund was processed but I have not received it.,Yes,Medium,Manual Review,Resolved,7,12,Yes,Refund Team,0,Bank Reversal Delay,Negative
DSP-0652,CUST-6769,TXN-596846,2026-05-30,Card,APP Scam Claim,38.79,Food Delivery,Failed,I was tricked into sending money and need urgent help.,No,High,Manual Review,Resolved,10,13,Yes,Fraud Review,19.39,Fraud Indicator,Negative
DSP-0653,CUST-2638,TXN-419398,2026-03-27,Bank Transfer,Wrong Amount Debited,39.21,Food Delivery,Pending,I authorised a lower amount but a higher amount was taken.,No,Medium,Manual Review,Awaiting Evidence,5,10,Yes,Payment Operations,0,Customer Input Error,Negative
DSP-0654,CUST-2847,TXN-383049,2026-05-13,Wallet,Failed Payment,53.02,Bills & Utilities,Success,My payment of £53.02 failed but the money was debited.,Yes,Medium,Manual Review,In Review,5,2,No,Payment Operations,0,System Mapping Error,Neutral
DSP-0655,CUST-4175,TXN-496129,2026-01-28,Open Banking,APP Scam Claim,6.86,Subscription,Success,I believe I have been scammed through a bank transfer.,No,High,Manual Review,Resolved,10,16,Yes,Fraud Review,3.43,Customer Evidence Missing,Negative
DSP-0656,CUST-3014,TXN-554515,2026-04-27,Bank Transfer,Unauthorised Transaction,31.48,Food Delivery,Failed,I do not recognise this transaction and did not authorise it.,Yes,High,Manual Review,Resolved,10,9,No,Fraud Review,23.61,Customer Evidence Missing,Negative
DSP-0657,CUST-5974,TXN-610472,2026-03-15,Card,Duplicate Debit,37.12,Transport,Failed,I was charged twice for the same payment of £37.12.,Yes,Low,Eligible,Resolved,5,1,No,Refund Team,37.12,Duplicate Processing,Neutral
DSP-0658,CUST-5119,TXN-244408,2026-03-31,Open Banking,Unauthorised Transaction,43.38,Subscription,Success,This payment was made without my permission.,Yes,High,Manual Review,Resolved,10,13,Yes,Fraud Review,21.69,Customer Evidence Missing,Negative
DSP-0659,CUST-4585,TXN-133697,2026-05-02,Open Banking,Duplicate Debit,61.81,Bills & Utilities,Pending,There are two debits for one order. Please refund the duplicate amount.,Yes,Low,Eligible,Resolved,5,2,No,Refund Team,61.81,Duplicate Processing,Positive
DSP-0660,CUST-3280,TXN-816514,2026-02-21,Card,Refund Delay,21.53,Travel,Failed,My refund of £21.53 is still pending after several days.,Yes,Medium,Manual Review,Resolved,7,8,Yes,Refund Team,0,Manual Follow-up Delay,Negative
DSP-0661,CUST-2573,TXN-245342,2026-05-15,Bank Transfer,Duplicate Debit,37.32,Bills & Utilities,Pending,I was charged twice for the same payment of £37.32.,Yes,Low,Eligible,Resolved,5,3,No,Refund Team,37.32,Duplicate Processing,Neutral
DSP-0662,CUST-5954,TXN-924843,2026-03-04,Bank Transfer,Refund Delay,235.4,Travel,Success,My refund of £235.40 is still pending after several days.,No,Medium,Manual Review,Resolved,7,8,Yes,Refund Team,235.4,Bank Reversal Delay,Negative
DSP-0663,CUST-1890,TXN-188771,2026-01-15,Card,Chargeback Request,9.85,Transport,Success,The service was not provided and I want to raise a chargeback.,Yes,Medium,Manual Review,Resolved,10,7,No,Payment Operations,9.85,Customer Evidence Missing,Neutral
DSP-0664,CUST-9458,TXN-251154,2026-05-24,Wallet,Refund Delay,11.67,Transport,Success,The merchant said the refund was processed but I have not received it.,Yes,Medium,Manual Review,Open,7,4,No,Refund Team,0,Manual Follow-up Delay,Positive
DSP-0665,CUST-2879,TXN-170403,2026-01-01,Card,APP Scam Claim,42.03,Food Delivery,Success,I was tricked into sending money and need urgent help.,No,High,Manual Review,Resolved,10,8,No,Fraud Review,21.02,Customer Evidence Missing,Negative
DSP-0666,CUST-9957,TXN-372914,2026-04-23,Open Banking,Merchant Not Credited,30.84,Retail,Success,The money left my account but the merchant says they did not receive it.,No,Medium,Manual Review,Resolved,7,15,Yes,Merchant Support,0,Merchant Settlement Delay,Negative
DSP-0667,CUST-8801,TXN-603805,2026-03-16,Card,Failed Payment,49.63,Travel,Success,My payment of £49.63 failed but the money was debited.,Yes,Medium,Manual Review,Resolved,5,1,No,Payment Operations,24.82,Gateway Timeout,Positive
DSP-0668,CUST-5960,TXN-135739,2026-04-24,Card,APP Scam Claim,143.78,E-commerce,Success,I believe I have been scammed through a bank transfer.,Yes,High,Manual Review,Resolved,10,12,Yes,Fraud Review,0,Fraud Indicator,Negative
DSP-0669,CUST-9602,TXN-509599,2026-05-12,Card,Merchant Not Credited,18.74,Travel,Success,I paid successfully but the merchant has no confirmation.,No,Medium,Manual Review,Resolved,7,10,Yes,Merchant Support,18.74,Merchant Settlement Delay,Negative
DSP-0670,CUST-7168,TXN-594668,2026-02-16,Bank Transfer,Chargeback Request,94.27,Retail,Failed,"The merchant refused refund, so I need a chargeback review.",Yes,Medium,Manual Review,Resolved,10,11,Yes,Payment Operations,0,Manual Follow-up Delay,Negative
DSP-0671,CUST-2107,TXN-147111,2026-01-08,Open Banking,Failed Payment,135.55,Transport,Success,The transaction failed and I still cannot see my money returned.,No,Medium,Manual Review,Awaiting Evidence,5,9,Yes,Payment Operations,0,System Mapping Error,Negative
DSP-0672,CUST-7882,TXN-167496,2026-01-16,Bank Transfer,Failed Payment,107.34,Transport,Success,My payment of £107.34 failed but the money was debited.,Yes,Medium,Manual Review,Resolved,5,4,No,Payment Operations,107.34,Gateway Timeout,Neutral
DSP-0673,CUST-5136,TXN-614958,2026-04-23,Wallet,Duplicate Debit,75.49,Subscription,Pending,I was charged twice for the same payment of £75.49.,Yes,Low,Eligible,Resolved,5,1,No,Refund Team,75.49,Duplicate Processing,Neutral
DSP-0674,CUST-3302,TXN-105490,2026-04-03,Wallet,Merchant Not Credited,90.57,E-commerce,Failed,I paid successfully but the merchant has no confirmation.,No,Medium,Manual Review,Resolved,7,8,Yes,Merchant Support,45.28,Gateway Timeout,Negative
DSP-0675,CUST-9205,TXN-469209,2026-04-02,Bank Transfer,Merchant Not Credited,34.14,Food Delivery,Failed,The money left my account but the merchant says they did not receive it.,Yes,Medium,Manual Review,Resolved,7,7,No,Merchant Support,0,Gateway Timeout,Positive
DSP-0676,CUST-4670,TXN-961224,2026-03-16,Open Banking,Duplicate Debit,55.59,Transport,Success,There are two debits for one order. Please refund the duplicate amount.,Yes,Low,Eligible,Resolved,5,4,No,Refund Team,55.59,Duplicate Processing,Neutral
DSP-0677,CUST-7540,TXN-748696,2026-01-15,Bank Transfer,APP Scam Claim,274.14,Travel,Failed,I believe I have been scammed through a bank transfer.,Yes,High,Manual Review,Resolved,10,10,No,Fraud Review,274.14,Customer Evidence Missing,Negative
DSP-0678,CUST-2021,TXN-347062,2026-05-07,Card,Chargeback Request,58.51,Food Delivery,Pending,"The merchant refused refund, so I need a chargeback review.",Yes,Medium,Manual Review,Resolved,10,8,No,Payment Operations,29.25,Merchant Settlement Delay,Negative
DSP-0679,CUST-9316,TXN-336186,2026-03-31,Bank Transfer,Duplicate Debit,335.32,Subscription,Failed,There are two debits for one order. Please refund the duplicate amount.,Yes,Low,Eligible,Resolved,5,2,No,Refund Team,335.32,Duplicate Processing,Positive
DSP-0680,CUST-3051,TXN-550592,2026-04-20,Bank Transfer,Failed Payment,9.49,Travel,Success,The transaction failed and I still cannot see my money returned.,Yes,Medium,Manual Review,Resolved,5,5,No,Payment Operations,4.75,Gateway Timeout,Neutral
DSP-0681,CUST-9785,TXN-695642,2026-01-12,Open Banking,Failed Payment,223.79,Food Delivery,Success,My payment of £223.79 failed but the money was debited.,Yes,Medium,Manual Review,Resolved,5,8,Yes,Payment Operations,167.84,Bank Reversal Delay,Negative
DSP-0682,CUST-7517,TXN-601954,2026-02-01,Wallet,Failed Payment,90.46,E-commerce,Failed,The transaction failed and I still cannot see my money returned.,Yes,Medium,Eligible,Resolved,5,6,Yes,Payment Operations,90.46,Gateway Timeout,Negative
DSP-0683,CUST-7011,TXN-918107,2026-05-22,Card,Merchant Not Credited,42.67,E-commerce,Failed,The money left my account but the merchant says they did not receive it.,Yes,Medium,Manual Review,Resolved,7,11,Yes,Merchant Support,21.34,Incorrect Merchant Reference,Negative
DSP-0684,CUST-9535,TXN-341734,2026-03-20,Wallet,Duplicate Debit,14.68,Retail,Success,I was charged twice for the same payment of £14.68.,Yes,Low,Eligible,Resolved,5,1,No,Refund Team,14.68,Duplicate Processing,Positive
DSP-0685,CUST-1348,TXN-623142,2026-01-09,Card,Merchant Not Credited,34.04,Bills & Utilities,Success,I paid successfully but the merchant has no confirmation.,Yes,Medium,Manual Review,Resolved,7,4,No,Merchant Support,0,Merchant Settlement Delay,Neutral
DSP-0686,CUST-1425,TXN-738309,2026-03-28,Open Banking,APP Scam Claim,122.24,Transport,Success,I was tricked into sending money and need urgent help.,No,High,Manual Review,Resolved,10,17,Yes,Fraud Review,122.24,Manual Follow-up Delay,Negative
DSP-0687,CUST-2789,TXN-680170,2026-04-10,Open Banking,Chargeback Request,44.17,E-commerce,Failed,The service was not provided and I want to raise a chargeback.,Yes,Medium,Manual Review,Open,10,9,No,Payment Operations,0,Merchant Settlement Delay,Negative
DSP-0688,CUST-1248,TXN-394335,2026-03-12,Card,Duplicate Debit,44.44,Bills & Utilities,Success,I was charged twice for the same payment of £44.44.,Yes,Low,Eligible,Resolved,5,2,No,Refund Team,44.44,Duplicate Processing,Positive
DSP-0689,CUST-3036,TXN-421802,2026-05-26,Wallet,Unauthorised Transaction,100.62,Food Delivery,Success,This payment was made without my permission.,Yes,High,Manual Review,Resolved,10,5,No,Fraud Review,50.31,Customer Evidence Missing,Negative
DSP-0690,CUST-6145,TXN-167154,2026-04-23,Card,Unauthorised Transaction,9.3,Retail,Pending,This payment was made without my permission.,Yes,High,Manual Review,Resolved,10,11,Yes,Fraud Review,9.3,Fraud Indicator,Negative
DSP-0691,CUST-6199,TXN-143993,2026-05-22,Wallet,Failed Payment,61.7,Travel,Success,The transaction failed and I still cannot see my money returned.,No,Medium,Manual Review,Resolved,5,8,Yes,Payment Operations,61.7,Bank Reversal Delay,Negative
DSP-0692,CUST-2854,TXN-635859,2026-01-20,Card,Duplicate Debit,14.04,Bills & Utilities,Success,There are two debits for one order. Please refund the duplicate amount.,Yes,Low,Eligible,Resolved,5,2,No,Refund Team,14.04,Duplicate Processing,Neutral
DSP-0693,CUST-6902,TXN-451258,2026-04-15,Open Banking,Refund Delay,100.89,Food Delivery,Success,The merchant said the refund was processed but I have not received it.,Yes,Medium,Manual Review,Resolved,7,6,No,Refund Team,0,Bank Reversal Delay,Positive
DSP-0694,CUST-7206,TXN-971080,2026-05-30,Card,Wrong Amount Debited,91.74,Subscription,Pending,I authorised a lower amount but a higher amount was taken.,Yes,Medium,Manual Review,Resolved,5,5,No,Payment Operations,91.74,Customer Input Error,Neutral
DSP-0695,CUST-9592,TXN-645611,2026-04-23,Card,Failed Payment,138.9,Travel,Success,My payment of £138.90 failed but the money was debited.,No,Medium,Manual Review,Awaiting Evidence,5,9,Yes,Payment Operations,0,Bank Reversal Delay,Negative
DSP-0696,CUST-8291,TXN-868394,2026-04-15,Card,Refund Delay,44.54,E-commerce,Failed,The merchant said the refund was processed but I have not received it.,Yes,Medium,Manual Review,Resolved,7,8,Yes,Refund Team,0,Merchant Settlement Delay,Negative
DSP-0697,CUST-9808,TXN-356842,2026-04-15,Wallet,Merchant Not Credited,85.96,Travel,Success,The money left my account but the merchant says they did not receive it.,Yes,Medium,Manual Review,Resolved,7,6,No,Merchant Support,0,Incorrect Merchant Reference,Neutral
DSP-0698,CUST-8439,TXN-116265,2026-02-12,Card,Duplicate Debit,126.34,E-commerce,Success,I was charged twice for the same payment of £126.34.,No,Medium,Manual Review,Open,5,8,Yes,Refund Team,0,Duplicate Processing,Negative
DSP-0699,CUST-2196,TXN-238808,2026-05-12,Open Banking,APP Scam Claim,100.79,Bills & Utilities,Failed,I was tricked into sending money and need urgent help.,No,High,Manual Review,Awaiting Evidence,10,15,Yes,Fraud Review,0,Customer Evidence Missing,Negative
DSP-0700,CUST-1741,TXN-177335,2026-04-01,Open Banking,APP Scam Claim,84.41,Bills & Utilities,Success,I was tricked into sending money and need urgent help.,Yes,High,Manual Review,Resolved,10,15,Yes,Fraud Review,0,Fraud Indicator,Negative
DSP-0701,CUST-3494,TXN-108161,2026-04-05,Wallet,Refund Delay,29.43,E-commerce,Failed,My refund of £29.43 is still pending after several days.,No,Medium,Manual Review,Resolved,7,9,Yes,Refund Team,29.43,Bank Reversal Delay,Negative
DSP-0702,CUST-5673,TXN-438480,2026-04-09,Card,Failed Payment,16.82,Subscription,Pending,The transaction failed and I still cannot see my money returned.,Yes,Medium,Manual Review,Resolved,5,9,Yes,Payment Operations,12.62,Bank Reversal Delay,Negative
DSP-0703,CUST-8191,TXN-334496,2026-02-13,Card,APP Scam Claim,20.91,Transport,Failed,I believe I have been scammed through a bank transfer.,Yes,High,Manual Review,Resolved,10,17,Yes,Fraud Review,10.46,Manual Follow-up Delay,Negative
DSP-0704,CUST-4328,TXN-395528,2026-05-27,Bank Transfer,Refund Delay,14.91,Food Delivery,Failed,The merchant said the refund was processed but I have not received it.,No,Medium,Manual Review,Resolved,7,4,No,Refund Team,11.18,Bank Reversal Delay,Neutral
DSP-0705,CUST-5562,TXN-867173,2026-01-30,Open Banking,Unauthorised Transaction,63.95,Food Delivery,Success,This payment was made without my permission.,Yes,High,Manual Review,Resolved,10,6,No,Fraud Review,63.95,Customer Evidence Missing,Negative
DSP-0706,CUST-1628,TXN-554429,2026-01-26,Open Banking,Unauthorised Transaction,7.55,E-commerce,Pending,This payment was made without my permission.,Yes,High,Manual Review,Resolved,10,12,Yes,Fraud Review,7.55,Manual Follow-up Delay,Negative
DSP-0707,CUST-4607,TXN-806056,2026-02-20,Card,Failed Payment,225.38,Travel,Success,The transaction failed and I still cannot see my money returned.,Yes,Medium,Manual Review,Resolved,5,11,Yes,Payment Operations,112.69,Gateway Timeout,Negative
DSP-0708,CUST-4416,TXN-844479,2026-02-15,Card,Wrong Amount Debited,63.31,Retail,Failed,I authorised a lower amount but a higher amount was taken.,Yes,Medium,Manual Review,Open,5,4,No,Payment Operations,0,System Mapping Error,Positive
DSP-0709,CUST-9031,TXN-935448,2026-04-11,Bank Transfer,Merchant Not Credited,27.61,Transport,Failed,I paid successfully but the merchant has no confirmation.,Yes,Medium,Manual Review,Resolved,7,5,No,Merchant Support,20.71,Incorrect Merchant Reference,Neutral
DSP-0710,CUST-7522,TXN-839056,2026-02-02,Wallet,Refund Delay,96.53,Bills & Utilities,Failed,My refund of £96.53 is still pending after several days.,Yes,Medium,Manual Review,Resolved,7,9,Yes,Refund Team,0,Merchant Settlement Delay,Negative
DSP-0711,CUST-1996,TXN-689569,2026-03-24,Card,Duplicate Debit,30.45,Bills & Utilities,Success,There are two debits for one order. Please refund the duplicate amount.,Yes,Low,Eligible,Resolved,5,1,No,Refund Team,30.45,Duplicate Processing,Neutral
DSP-0712,CUST-8334,TXN-529718,2026-02-26,Bank Transfer,Failed Payment,12.89,Subscription,Failed,My payment of £12.89 failed but the money was debited.,Yes,Medium,Eligible,Resolved,5,6,Yes,Payment Operations,12.89,System Mapping Error,Negative
DSP-0713,CUST-7212,TXN-194636,2026-03-27,Open Banking,Unauthorised Transaction,50.58,Subscription,Success,This payment was made without my permission.,Yes,High,Manual Review,Resolved,10,12,Yes,Fraud Review,25.29,Fraud Indicator,Negative
DSP-0714,CUST-6431,TXN-533476,2026-02-25,Bank Transfer,Duplicate Debit,88.75,Subscription,Success,I was charged twice for the same payment of £88.75.,Yes,Low,Eligible,Resolved,5,1,No,Refund Team,88.75,Duplicate Processing,Positive
DSP-0715,CUST-4768,TXN-762233,2026-03-05,Card,Wrong Amount Debited,84.23,Bills & Utilities,Success,I authorised a lower amount but a higher amount was taken.,No,Medium,Manual Review,Resolved,5,9,Yes,Payment Operations,0,Customer Input Error,Negative
DSP-0716,CUST-1330,TXN-115457,2026-05-19,Bank Transfer,Failed Payment,212.42,Retail,Pending,The transaction failed and I still cannot see my money returned.,No,Medium,Manual Review,Resolved,5,8,Yes,Payment Operations,0,Bank Reversal Delay,Negative
DSP-0717,CUST-5490,TXN-581197,2026-02-21,Card,Chargeback Request,48.34,Bills & Utilities,Success,The service was not provided and I want to raise a chargeback.,No,Medium,Manual Review,Resolved,10,8,No,Payment Operations,36.26,Manual Follow-up Delay,Negative
DSP-0718,CUST-9143,TXN-862899,2026-04-11,Open Banking,Unauthorised Transaction,71.61,Subscription,Pending,This payment was made without my permission.,Yes,High,Manual Review,Resolved,10,13,Yes,Fraud Review,35.8,Fraud Indicator,Negative
DSP-0719,CUST-6446,TXN-250755,2026-01-22,Card,Failed Payment,114.75,Retail,Success,The transaction failed and I still cannot see my money returned.,Yes,Medium,Manual Review,Resolved,5,1,No,Payment Operations,86.06,Bank Reversal Delay,Positive
DSP-0720,CUST-6102,TXN-876482,2026-03-28,Wallet,Failed Payment,80.38,Transport,Success,The transaction failed and I still cannot see my money returned.,No,Medium,Manual Review,Awaiting Evidence,5,5,No,Payment Operations,0,System Mapping Error,Positive
DSP-0721,CUST-4862,TXN-437471,2026-04-29,Wallet,Merchant Not Credited,64.42,Transport,Success,I paid successfully but the merchant has no confirmation.,Yes,Medium,Manual Review,Open,7,9,Yes,Merchant Support,0,Merchant Settlement Delay,Negative
DSP-0722,CUST-9113,TXN-279015,2026-05-15,Bank Transfer,Wrong Amount Debited,45.35,Travel,Success,I authorised a lower amount but a higher amount was taken.,No,Medium,Manual Review,Resolved,5,11,Yes,Payment Operations,0,Customer Input Error,Negative
DSP-0723,CUST-3718,TXN-248391,2026-03-16,Bank Transfer,Duplicate Debit,72.4,Subscription,Failed,I was charged twice for the same payment of £72.40.,Yes,Low,Eligible,Resolved,5,3,No,Refund Team,72.4,Duplicate Processing,Neutral
DSP-0724,CUST-9591,TXN-849817,2026-05-02,Card,Refund Delay,111.13,Retail,Success,The merchant said the refund was processed but I have not received it.,Yes,Medium,Manual Review,Resolved,7,8,Yes,Refund Team,83.35,Merchant Settlement Delay,Negative
DSP-0725,CUST-2093,TXN-467476,2026-05-24,Open Banking,Refund Delay,27.17,Travel,Failed,The merchant said the refund was processed but I have not received it.,Yes,Medium,Manual Review,Resolved,7,2,No,Refund Team,0,Merchant Settlement Delay,Neutral
DSP-0726,CUST-5587,TXN-286987,2026-03-09,Bank Transfer,Failed Payment,44.33,Bills & Utilities,Success,The transaction failed and I still cannot see my money returned.,No,Medium,Manual Review,Resolved,5,7,Yes,Payment Operations,0,System Mapping Error,Negative
DSP-0727,CUST-4429,TXN-276264,2026-01-01,Wallet,Chargeback Request,21.82,Transport,Success,The service was not provided and I want to raise a chargeback.,Yes,Medium,Manual Review,Resolved,10,9,No,Payment Operations,16.37,Merchant Settlement Delay,Negative
DSP-0728,CUST-4944,TXN-687354,2026-04-11,Card,Refund Delay,38.32,Subscription,Success,My refund of £38.32 is still pending after several days.,Yes,Medium,Manual Review,Open,7,10,Yes,Refund Team,0,Manual Follow-up Delay,Negative
DSP-0729,CUST-3341,TXN-980673,2026-04-22,Bank Transfer,Refund Delay,154.35,Subscription,Pending,My refund of £154.35 is still pending after several days.,Yes,Medium,Manual Review,Resolved,7,8,Yes,Refund Team,0,Bank Reversal Delay,Negative
DSP-0730,CUST-4502,TXN-746944,2026-05-24,Open Banking,Chargeback Request,19.69,E-commerce,Pending,The service was not provided and I want to raise a chargeback.,Yes,Medium,Manual Review,Resolved,10,6,No,Payment Operations,14.77,Customer Evidence Missing,Positive
DSP-0731,CUST-7043,TXN-366086,2026-05-09,Open Banking,Merchant Not Credited,15.83,Bills & Utilities,Success,I paid successfully but the merchant has no confirmation.,No,Medium,Manual Review,Open,7,10,Yes,Merchant Support,0,Gateway Timeout,Negative
DSP-0732,CUST-8446,TXN-614117,2026-02-14,Bank Transfer,APP Scam Claim,269.76,Food Delivery,Success,I was tricked into sending money and need urgent help.,Yes,High,Manual Review,Resolved,10,15,Yes,Fraud Review,0,Manual Follow-up Delay,Negative
DSP-0733,CUST-2356,TXN-539953,2026-01-31,Card,Merchant Not Credited,12.74,Food Delivery,Success,I paid successfully but the merchant has no confirmation.,No,Medium,Manual Review,Awaiting Evidence,7,9,Yes,Merchant Support,0,Incorrect Merchant Reference,Negative
DSP-0734,CUST-9459,TXN-114859,2026-04-14,Card,Merchant Not Credited,63.24,Travel,Success,The money left my account but the merchant says they did not receive it.,Yes,Medium,Manual Review,Resolved,7,6,No,Merchant Support,0,Incorrect Merchant Reference,Positive
DSP-0735,CUST-1052,TXN-426279,2026-03-12,Bank Transfer,Failed Payment,29.96,Food Delivery,Failed,The transaction failed and I still cannot see my money returned.,Yes,Medium,Eligible,Resolved,5,7,Yes,Payment Operations,29.96,Gateway Timeout,Negative
DSP-0736,CUST-1329,TXN-903966,2026-02-13,Wallet,Duplicate Debit,33.14,E-commerce,Pending,I was charged twice for the same payment of £33.14.,Yes,Low,Eligible,Resolved,5,2,No,Refund Team,33.14,Duplicate Processing,Neutral
DSP-0737,CUST-6087,TXN-155926,2026-04-08,Wallet,Failed Payment,18.8,Retail,Pending,The transaction failed and I still cannot see my money returned.,Yes,Medium,Manual Review,Resolved,5,7,Yes,Payment Operations,14.1,Gateway Timeout,Negative
DSP-0738,CUST-6957,TXN-465805,2026-05-14,Bank Transfer,Merchant Not Credited,89.53,Subscription,Failed,I paid successfully but the merchant has no confirmation.,No,Medium,Manual Review,Resolved,7,13,Yes,Merchant Support,0,Incorrect Merchant Reference,Negative
DSP-0739,CUST-4398,TXN-458802,2026-05-09,Bank Transfer,Wrong Amount Debited,20.24,Retail,Success,I authorised a lower amount but a higher amount was taken.,Yes,Medium,Manual Review,Resolved,5,9,Yes,Payment Operations,15.18,System Mapping Error,Negative
DSP-0740,CUST-7099,TXN-691155,2026-04-07,Wallet,APP Scam Claim,30.29,Travel,Pending,I was tricked into sending money and need urgent help.,Yes,High,Manual Review,Resolved,10,9,No,Fraud Review,15.14,Customer Evidence Missing,Negative
DSP-0741,CUST-6865,TXN-421153,2026-02-11,Bank Transfer,Failed Payment,34.82,Bills & Utilities,Failed,The transaction failed and I still cannot see my money returned.,Yes,Medium,Eligible,Resolved,5,5,No,Payment Operations,34.82,Gateway Timeout,Positive
DSP-0742,CUST-1657,TXN-345684,2026-05-10,Card,Refund Delay,18.25,Subscription,Success,The merchant said the refund was processed but I have not received it.,No,Medium,Manual Review,Awaiting Evidence,7,8,Yes,Refund Team,0,Merchant Settlement Delay,Negative
DSP-0743,CUST-3286,TXN-236200,2026-03-27,Wallet,Failed Payment,18.18,Bills & Utilities,Success,The transaction failed and I still cannot see my money returned.,Yes,Medium,Manual Review,Resolved,5,6,Yes,Payment Operations,9.09,Gateway Timeout,Negative
DSP-0744,CUST-2477,TXN-859309,2026-03-04,Card,Merchant Not Credited,45.6,Retail,Pending,The money left my account but the merchant says they did not receive it.,Yes,Medium,Manual Review,Resolved,7,9,Yes,Merchant Support,0,Incorrect Merchant Reference,Negative
DSP-0745,CUST-7350,TXN-234744,2026-03-23,Wallet,Failed Payment,228.03,Bills & Utilities,Failed,My payment of £228.03 failed but the money was debited.,Yes,Medium,Eligible,Resolved,5,1,No,Payment Operations,228.03,Bank Reversal Delay,Neutral
DSP-0746,CUST-4852,TXN-487063,2026-04-03,Card,Unauthorised Transaction,77.42,Food Delivery,Failed,This payment was made without my permission.,Yes,High,Manual Review,Resolved,10,11,Yes,Fraud Review,38.71,Fraud Indicator,Negative
DSP-0747,CUST-7292,TXN-785815,2026-02-16,Bank Transfer,Duplicate Debit,16.06,Food Delivery,Success,There are two debits for one order. Please refund the duplicate amount.,No,Medium,Manual Review,Resolved,5,10,Yes,Refund Team,8.03,Duplicate Processing,Negative
DSP-0748,CUST-2661,TXN-787728,2026-04-14,Wallet,Failed Payment,21.75,Bills & Utilities,Failed,The transaction failed and I still cannot see my money returned.,Yes,Medium,Eligible,In Review,5,8,Yes,Payment Operations,0,System Mapping Error,Negative
DSP-0749,CUST-1893,TXN-417670,2026-04-19,Card,Merchant Not Credited,86.91,Bills & Utilities,Failed,I paid successfully but the merchant has no confirmation.,No,Medium,Manual Review,Resolved,7,9,Yes,Merchant Support,0,Gateway Timeout,Negative
DSP-0750,CUST-9711,TXN-896509,2026-04-09,Open Banking,Failed Payment,60.81,Subscription,Pending,My payment of £60.81 failed but the money was debited.,No,Medium,Manual Review,Resolved,5,12,Yes,Payment Operations,30.41,Bank Reversal Delay,Negative
